--GO
--IF EXISTS (SELECT name FROM sysdatabases WHERE name='QL_HDPHONGLAB')
--	DROP DATABASE QL_HDPHONGLAB
GO
CREATE DATABASE QL_HDPHONGLAB
GO
USE QL_HDPHONGLAB
GO
-------------------------------------------TẠO TABLE PHÂN QUYỀN---------------------------------------------
CREATE TABLE PHANQUYEN
(
	MAQUYEN INT NOT NULL,
	TENQUYEN NVARCHAR(50) NULL,
)
	
-------------------------------------------TẠO TABLE NGƯỜI DÙNG-------------------------------------------
CREATE TABLE NGUOIDUNG
(
	MAND INT IDENTITY(1,1) NOT NULL,
	USERNAME VARCHAR(15) NOT NULL,
	PASSWORD NVARCHAR(50) NOT NULL,
	CONFIRMPASSWORD NVARCHAR(50) NOT NULL,
	HOTEN NVARCHAR(50) NULL,
	EMAIL NVARCHAR(50) NULL,
	DIENTHOAI NVARCHAR(12) NULL,
	DIACHI NVARCHAR(MAX) NULL,
	MAQUYEN INT NULL,
)
GO
-------------------------------------------TẠO TABLE ĐỔI MẬT KHẨU-------------------------------------------------
CREATE TABLE DOIMATKHAU
(
	MAND INT IDENTITY(1,1) NOT NULL,
	EMAIL NVARCHAR(50) NOT NULL,
	PASSWORD NVARCHAR(50) NOT NULL,
	NEWPASSWORD NVARCHAR(50) NOT NULL,
	CONFIRMPASSWORD NVARCHAR(50) NOT NULL,
)

-------------------------------------------TẠO TABLE LOẠI PHÒNG LAB-------------------------------------------
CREATE TABLE LOAIPHONGLAB
(
	MALOAI INT NOT NULL,
	TENLOAI NVARCHAR(50) NULL,
)

-------------------------------------------TẠO TABLE PHÒNG LAB----------------------------------------
CREATE TABLE PHONGLAB
(
	MAPHLAB INT IDENTITY(1,1) NOT NULL,
	SOPHONG NVARCHAR(5) NULL,
	HINHANH NVARCHAR(MAX) NULL,
	TRANGTHAI INT NULL,
	LOAIPHONG INT NULL,
	SUCCHUA INT NULL,
	DIADIEM NVARCHAR(MAX) NULL,
	GHICHU NVARCHAR(MAX) NULL,
	LABActive BIT NULL,
)

--------------------------------------------TẠO TABLE PHÒNG BAN--------------------------------------------
CREATE TABLE PHONGBAN
(
	MAPHBAN VARCHAR(20) NOT NULL,
	TENPHBAN NVARCHAR(MAX) NULL,
	DIADIEM NVARCHAR(MAX) NULL,
	GHICHU NVARCHAR(MAX) NULL,
)

--------------------------------------------TẠO TABLE GIẢNG VIÊN---------------------------------------------
CREATE TABLE GIANGVIEN
(
	MAGV VARCHAR(20) NOT NULL,
	HOTEN NVARCHAR(MAX) NULL,
	NGAYSINH DATETIME NULL,
	GIOITINH NVARCHAR(6) NULL,
	SDT NVARCHAR(12) NULL,
	DIACHI NVARCHAR(MAX) NULL,
	MAPHBAN VARCHAR(20) NOT NULL,
	--MAPHLAB INT NOT NULL,
	VAITRO NVARCHAR(50) NULL,
)

--------------------------------------------TẠO TABLE ĐĂNG KÝ PHÒNG-----------------------------------------------
CREATE TABLE DANGKYPHONG
(
	MADK INT IDENTITY(1,1) NOT NULL,
	HOTEN_GV NVARCHAR(MAX) NULL,
	DIACHI_GV NVARCHAR(MAX) NULL,
	SDT_GV NVARCHAR(12) NULL,
	NGAY_DKPH DATE NULL,
	NGAY_TRAPH DATE NULL,
	PHONGCHIDINH VARCHAR(20) NULL,
	SOLUONG INT NULL,
)

---------------------------------------------TẠO TABLE TRẠNG THÁI ĐĂNG KÝ PHÒNG--------------------------------------------------
CREATE TABLE TTDANGKY
(
	MATT INT NOT NULL,
	TRANGTHAI VARCHAR(50),
)
---------------------------------------------TẠO TABLE PHIẾU XUẤT PHÒNG THÍ NGHIỆM-----------------------------------------------
CREATE TABLE PHIEUXUATPHONGLAB
(
	MAPXPHLAB INT NOT NULL,
	THOIGIANXUAT DATETIME NULL,
	NOIDUNG NVARCHAR(MAX) NULL,
	NGUOIXUAT NVARCHAR(MAX) NULL,
	MAPHLAB INT NULL,
	CHAPNHAN BIT NULL,
	NGUOICHAPNHAN NVARCHAR(MAX) NULL,
	GHICHU NVARCHAR(MAX) NULL,
)

---------------------------------------------TẠO TABLE SINH VIÊN-----------------------------------------------
CREATE TABLE SINHVIEN
(
	MASV VARCHAR(20) NOT NULL,
	TENSV NVARCHAR(MAX) NULL,
	NGAYSINH DATETIME NULL,
	GIOITINH NVARCHAR(6) NULL,
	--MAPXPHLAB INT NOT NULL,
)

---------------------------------------------TẠO TABLE NHÀ SẢN XUẤT--------------------------------------------
CREATE TABLE NSX
(
	MANSX VARCHAR(20) NOT NULL,
	TENNSX NVARCHAR(MAX) NULL,
	SDT NVARCHAR(12) NULL,
	DIACHI NVARCHAR(MAX) NULL,
	
)

---------------------------------------------TẠO TABLE NHÀ CUNG CẤP---------------------------------------------
CREATE TABLE NCC
(
	MANCC VARCHAR(20) NOT NULL,
	TENNCC NVARCHAR(MAX) NULL,
	SDT NVARCHAR(12) NULL,
	DIACHI NVARCHAR(MAX) NULL,
	
)

----------------------------------------------TẠO TABLE BẢNG GIÁ THAM KHẢO---------------------------------------------------
CREATE TABLE BANGGIA
(
	MANCC VARCHAR(20) NOT NULL,
	MAHC VARCHAR(20) NOT NULL,
	MATB VARCHAR(20) NOT NULL,
	MADC VARCHAR(20) NOT NULL,
	GIATHAMKHAOHC FLOAT NULL,
	GIATHAMKHAOTB FLOAT NULL,
	GIATHAMKHAODC FLOAT NULL,
)

----------------------------------------------TẠO TABLE LOẠI TRANG THIẾT BỊ
CREATE TABLE LOAITTB
(
	MALOAI VARCHAR(20) NOT NULL,
	TENLOAI NVARCHAR(MAX) NULL,
)

----------------------------------------------TẠO TABLE LOẠI HOÁ CHẤT--------------------------------------------
CREATE TABLE LOAIHOACHAT
(
	MALHC INT NOT NULL,
	TENLHC NVARCHAR(100) NULL,
	TONGSOLUONG INT NULL,
)

---------------------------------------------TẠO TABLE HÓA CHẤT-----------------------------------------------
CREATE TABLE HOACHAT
(
	MAHC VARCHAR(20) NOT NULL,
	TENHC NVARCHAR(MAX) NULL,
	MALHC INT NULL,
	THONGSO INT NULL,
	CASNO NVARCHAR(MAX) NULL,
	DONVI NVARCHAR(MAX) NULL,
	LUONGNHAP INT NULL,
	LUONGXUAT INT NULL,
	LUONGTON INT NULL,
	LUONGTHANHLY INT NULL,
	GIANHAP FLOAT NULL,
	HINHANH VARCHAR(MAX) NULL,
	MALOAI VARCHAR(20),
)

----------------------------------------------TẠO TABLE CHI TIẾT HÓA CHẤT------------------------------------------------
CREATE TABLE CT_HOACHAT
(
	MAHC VARCHAR(20) NOT NULL,
	SOLO INT NULL,
	XUATXU NVARCHAR(MAX) NULL,
	DONVI NVARCHAR(MAX) NULL,
	NGAYNHAP DATETIME NULL,
	SOPHIEUNHAP INT NULL,
	DVCUNGCAP NVARCHAR(MAX) NULL,
	NGAYHETHAN DATETIME NULL,
)

----------------------------------------------TẠO TABLE DỰ TRÙ HÓA CHẤT-----------------------------------------------
CREATE TABLE DUTRUHOACHAT
(
	MAHC VARCHAR(20) NOT NULL,
	TENHC NVARCHAR(MAX) NULL,
	DACTA NVARCHAR(MAX) NULL,
	SOLUONG INT NULL,
)

-----------------------------------------------TẠO TABLE HOÁ CHẤT CỦA KHOA CNTP------------------------------------------------------
CREATE TABLE HOACHAT_CNTP
(
	MAHC_CNTP VARCHAR(20) NOT NULL,
	TENHC_CNTP NVARCHAR(MAX) NULL,
	MALHC INT NULL,
	THONGSO INT NULL,
	CASNO NVARCHAR(MAX) NULL,
	DONVI NVARCHAR(MAX) NULL,
	LUONGNHAP INT NULL,
	LUONGTON INT NULL,
	LUONGTHANHLY INT NULL,
)

------------------------------------------------TẠO TABLE THIẾT BỊ---------------------------------------------------
CREATE TABLE THIETBI
(
	MATB VARCHAR(20) NOT NULL,
	TENTB NVARCHAR(MAX) NULL,
	QUICACH NVARCHAR(MAX) NULL,
	SLBANDAU INT NULL,
	SLXUAT INT NULL,
	SLTON INT NULL,
	SLTHANHLY INT NULL,
	TAPHUAN BIT NULL,
	SERIAL NVARCHAR(MAX) NULL,
	HINHANH VARCHAR(MAX) NULL,
	MALOAI VARCHAR(20),
)

--------------------------------------------------TẠO TABLE CHI TIẾT THIẾT BI--------------------------------------------------
CREATE TABLE CT_THIETBI
(
	MATB VARCHAR(20) NOT NULL,
	SOLO INT NULL,
	XUATXU NVARCHAR(MAX) NULL,
	DONVI NVARCHAR(MAX) NULL,
	LUONGNHAP INT NULL,
	LUONGXUAT INT NULL,
	LUONGTON INT NULL,
	NGAYNHAP DATETIME NULL,
	SOPHIEUNHAP INT NULL,
	DVCUNGCAP NVARCHAR(MAX) NULL,
	NGAYHETHAN DATETIME NULL,
)

-----------------------------------------TẠO TABLE DỰ TRÙ THIẾT BỊ-----------------------------------------------
CREATE TABLE DUTRUTHIETBI
(
	MATB VARCHAR(20) NOT NULL,
	TENTB NVARCHAR(MAX) NULL,
	DACTA NVARCHAR(MAX) NULL,
	SOLUONG INT NULL,
)

--------------------------------------------TẠO TABLE THIẾT BỊ KHOA CNTP-----------------------------------------------
CREATE TABLE THIETBI_CNTP
(
	MATB VARCHAR(20) NOT NULL,
	TENTB NVARCHAR(MAX) NULL,
	QUICACH NVARCHAR(MAX) NULL,
	SLTON INT NULL,
	SLTHANHLY INT NULL,
	SERIAL NVARCHAR(MAX) NULL,
)
--------------------------------------------TẠO TABLE DỤNG CỤ----------------------------------------------------
CREATE TABLE DUNGCU
(
	MADC VARCHAR(20) NOT NULL,
	TENDC NVARCHAR(MAX) NULL,
	LUONGNHAP INT NULL,
	LUONGXUAT INT NULL,
	LUONGTON INT NULL,
	LUONGTHANHLY INT NULL,
	DVT NVARCHAR(MAX) NULL,
	NGAYNHAP DATETIME NULL,
	GIOSD INT NULL,
	HINHANH VARCHAR(MAX) NULL,
	MALOAI VARCHAR(20),
)

----------------------------------------------TẠO TABLE CT_DỤNG CỤ-------------------------------------------------
CREATE TABLE CT_DUNGCU
(
	MADC VARCHAR(20) NOT NULL,
	SOLO INT NULL,
	XUATXU NVARCHAR(MAX) NULL,
	DONVI NVARCHAR(MAX) NULL,
	SOPHIEUNHAP INT NULL,
)

-----------------------------------------TẠO TABLE DỰ TRÙ DỤNG CỤ-----------------------------------------------
CREATE TABLE DUTRUDUNGCU
(
	MADC VARCHAR(20) NOT NULL,
	TENDC NVARCHAR(MAX) NULL,
	DACTA NVARCHAR(MAX) NULL,
	SOLUONG INT NULL,
)

-----------------------------------------------TẠO TABLE DỤNG CỤ KHOA CNTP---------------------------------------------
CREATE TABLE DUNGCU_CNTP
(
	MADC VARCHAR(20) NOT NULL,
	TENDC NVARCHAR(MAX) NULL,
	LUONGTON INT NULL,
	LUONGTHANHLY INT NULL,
	DVT NVARCHAR(MAX) NULL,
	GIOSD INT NULL,

)
-------------------------------------------------TẠO TABLE SỰ KIỆN-------------------------------------------------------
CREATE TABLE SUKIEN
(
	MASK INT NOT NULL,
	MAGV VARCHAR(20) NOT NULL,
	BD DATETIME NULL,
	KT DATETIME NULL,
	ThemeColor NVARCHAR(10) NULL,
	MOTA NVARCHAR(max) NULL,
)

-------------------------------------------------TẠO TABLE PHIẾU XUẤT----------------------------------------------------
CREATE TABLE PHIEUXUAT
(
	MAPX INT IDENTITY(1,1) NOT NULL,
	THOIGIANXUAT INT NULL,
	NOIDUNG NVARCHAR(MAX) NULL,
	NGAYXUAT DATETIME NULL,
	MAPHBAN VARCHAR(20) NULL,
	CHAPNHAN BIT NULL,
	NGUOICHAPNHAN NVARCHAR(MAX) NULL,
	GHICHU NVARCHAR(MAX) NULL,
)

-------------------------------------------------TẠO TABLE CHI TIẾT PHIẾU XUẤT--------------------------------------------------
CREATE TABLE CHITIETPHIEUXUAT
(
	MAPX INT IDENTITY(1,1) NOT NULL,
	MAHC VARCHAR(20) NULL,
	MAHC_CNTP VARCHAR(20) NULL,
	MATB VARCHAR(20) NULL,
	MADC VARCHAR(20) NULL,
	SOLUONGXUAT INT NULL,
	TU NVARCHAR(50) NULL,
	DEN NVARCHAR(50) NULL,
)

-------------------------------------------------TẠO TABLE PHIẾU NHẬP-----------------------------------------------------
CREATE TABLE PHIEUNHAP
(
	MAPN INT IDENTITY(1,1) NOT NULL,
	NGAYNHAP DATETIME NULL,
	NOIDUNG NVARCHAR(MAX) NULL,
	MANCC VARCHAR(20) NULL,
	NGUOINHAN NVARCHAR(MAX) NULL,
	--MAPHLAB INT NULL,
	TONGTIEN FLOAT NULL,
	GHICHU NVARCHAR(MAX) NULL,
)

-----------------------------------------------TAO TABLE PHIẾU NHẬP VỀ KHOA----------------------------------------------
CREATE TABLE PHIEUNHAP_KHOA
(
	MAPN_KHOA INT IDENTITY(1,1) NOT NULL,
	MAHC_CNTP VARCHAR(20) NULL,
	MATB_CNTP VARCHAR(20) NULL,
	MADC_CNTP VARCHAR(20) NULL,
	NGAYNHAP DATETIME NULL,
	NOIDUNG NVARCHAR(MAX) NULL,
	NGUOIKIEMDUYET NVARCHAR(MAX) NULL,
	GHICHU NVARCHAR(MAX) NULL,
)
-----------------------------------------------TẠO TABLE CHI TIẾT PHIẾU NHẬP----------------------------------------------------
CREATE TABLE CHITIETPHIEUNHAP
(
	MAPN INT IDENTITY(1,1) NOT NULL,
	MAHC VARCHAR(20) NULL,
	MATB VARCHAR(20) NULL,
	MADC VARCHAR(20) NULL,
	SOLUONGNHAP INT NULL,
	TU NVARCHAR(50) NULL,
	DEN NVARCHAR(50) NULL,
	GIANHAP FLOAT NULL,
	THANHTIEN FLOAT NULL,
)

-----------------------------------------------TẠO TABLE CHI TIẾT PHIẾU NHẬP VỀ KHOA-----------------------------------------------------
CREATE TABLE CHITIETPHIEUNHAP_KHOA
(
	MAPN_KHOA INT IDENTITY(1,1) NOT NULL,
	MAHC_CNTP VARCHAR(20) NULL,
	MATB_CNTP VARCHAR(20) NULL,
	MADC_CNTP VARCHAR(20) NULL,
	SOLUONGNHAP INT NULL,
)

-----------------------------------------------TẠO TABLE PHIẾU THANH LÝ----------------------------------------------
CREATE TABLE PHIEUTHANHLY
(
	MATL INT IDENTITY(1,1) NOT NULL,
	NGAYTL DATETIME NULL,
	NGUOIDUYET NVARCHAR(MAX) NULL,
	NOIDUNG NVARCHAR(MAX) NULL,
	GHICHU NVARCHAR(MAX) NULL,
)

-----------------------------------------------TẠO TABLE CHI TIẾT PHIẾU THANH LÝ---------------------------------------
CREATE TABLE CHITIETPHIEUTHANHLY
(
	MATL INT IDENTITY(1,1) NOT NULL,
	MAHC VARCHAR(20) NULL,
	MATB VARCHAR(20) NULL,
	MADC VARCHAR(20) NULL,
	SLTON INT NULL,
	SLTHANHLY INT NULL,
)

-----------------------------------------------TẠO TABLE LIST THANH LÝ-----------------------------------------
CREATE TABLE LISTTHANHLY
(
	MALIST INT IDENTITY(1,1) NOT NULL,
	MAHC VARCHAR(20) NULL,
	MATB VARCHAR(20) NULL,
	MADC VARCHAR(20) NULL,
	SLTHANHLY INT NULL,
	TRANGTHAI NVARCHAR(MAX) DEFAULT(N'CHỜ THANH LÝ') NULL,
)
-----------------------------------------------TẠO TABLE PHIẾU TRẢ-------------------------------------------
CREATE TABLE HOANTRA
(
	MAHT INT IDENTITY(1,1) NOT NULL,
	NGAYTRA DATETIME DEFAULT(GETDATE()) NULL,
	NOIDUNG NVARCHAR(MAX) NULL,
	NGUOITRA NVARCHAR(MAX) NULL,
	--MAPHLAB INT NULL,
	TU NVARCHAR(50) NULL,
	DEN NVARCHAR(50) NULL,
	GHICHU NVARCHAR(MAX) NULL,
)

GO
----------------------------------------------TẠO TABLE TRẢ HOÁ CHẤT---------------------------------------------
CREATE TABLE TTBTRA
(
	MAHT_id INT IDENTITY(1,1) NOT NULL,
	MAHC_id VARCHAR(20) NOT NULL,
	MATB_id VARCHAR(20) NULL,
	MADC_id VARCHAR(20) NULL,
	SOLUONGTRA INT NULL,
)

GO
----------------------------------------------TẠO TABLE PHIẾU KIỂM DUYỆT-----------------------------------------
CREATE TABLE PHIEUKIEMDUYET
(
	MAKD INT IDENTITY(1,1) NOT NULL PRIMARY KEY,
	TENNCC NVARCHAR(50) DEFAULT (N'NHÀ CUNG CẤP VÀ PHÂN PHỐI BÌNH ĐIỀN') NULL,
	NGAYTAO DATETIME DEFAULT(GETDATE()) NULL,
	NGAYNHAP DATETIME NULL,
	TRANGTHAI INT NULL,
	GHICHU NVARCHAR(MAX) NULL,
)

GO
----------------------------------------------TẠO TABLE CHI TIẾT PHIẾU KIỂM DUYỆT-----------------------------------------
CREATE TABLE CHITIETKIEMDUYET
(
	MAKD INT NOT NULL,
	MAHC VARCHAR(20) NOT NULL,
	PRIMARY KEY(MAKD, MAHC),
	SOLUONGNHAP INT NULL,
	NGAYDUYET DATETIME NULL DEFAULT (GETDATE()),
)

GO
----------------------------------------------TẠO TABLE DANH SÁCH MƯỢN HOÁ CHẤT---------------------------------------
CREATE TABLE MUONHC
(
	MAMHC INT IDENTITY(1,1) NOT NULL,
	MAHC VARCHAR(20) NULL,
	TENHC NVARCHAR(MAX) NULL,
	HINHANH VARCHAR(MAX) NULL,
	SOLUONG INT,
)

GO
----------------------------------------------TẠO TABLE DANH SÁCH MƯỢN THIẾT BỊ---------------------------------------
CREATE TABLE MUONTB
(
	MAMTB INT IDENTITY(1,1) NOT NULL,
	MATB VARCHAR(20) NULL,
	TENTB NVARCHAR(MAX) NULL,
	HINHANH VARCHAR(MAX) NULL,
	SOLUONG INT,
)

GO
----------------------------------------------TẠO TABLE DANH SÁCH MƯỢN DỤNG CỤ---------------------------------------
CREATE TABLE MUONDC
(
	MAMDC INT IDENTITY(1,1) NOT NULL,
	MADC VARCHAR(20) NULL,
	TENDC NVARCHAR(MAX) NULL,
	HINHANH VARCHAR(MAX) NULL,
	SOLUONG INT,
)

GO
----------------------------------------------TẠO TABLE DANH SÁCH TRẢ HOÁ CHẤT---------------------------------------
CREATE TABLE TRAHC
(
	MATHC INT IDENTITY(1,1) NOT NULL,
	MAHC VARCHAR(20) NULL,
	TENHC NVARCHAR(MAX) NULL,
	HINHANH VARCHAR(MAX) NULL,
	SOLUONG INT,
)

GO
----------------------------------------------TẠO TABLE DANH SÁCH TRẢ THIẾT BỊ---------------------------------------
CREATE TABLE TRATB
(
	MATTB INT IDENTITY(1,1) NOT NULL,
	MATB VARCHAR(20) NULL,
	TENTB NVARCHAR(MAX) NULL,
	HINHANH VARCHAR(MAX) NULL,
	SOLUONG INT,
)

GO
----------------------------------------------TẠO TABLE DANH SÁCH MƯỢN DỤNG CỤ---------------------------------------
CREATE TABLE TRADC
(
	MATDC INT IDENTITY(1,1) NOT NULL,
	MADC VARCHAR(20) NULL,
	TENDC NVARCHAR(MAX) NULL,
	HINHANH VARCHAR(MAX) NULL,
	SOLUONG INT,
)

GO
----------------------------------------------TẠO PHIẾU MƯỢN--------------------------------------------------
CREATE TABLE PHIEUMUON
(
	MAPM INT IDENTITY(1,1) NOT NULL,
	NGAYMUON DATETIME,
	NGAYTRA DATETIME,
	NOIDUNG NVARCHAR(MAX) NULL,
	CHAPNHAN BIT NULL,
	TINHTRANG INT NULL,
	MAND INT NULL,
)

GO
----------------------------------------------TẠO CHI TIẾT PHIẾU MƯỢN---------------------------------------------
CREATE TABLE CT_PHIEUMUON
(
	MAPM INT IDENTITY(1,1) NOT NULL,
	MAHC VARCHAR(20) NULL,
	MATB VARCHAR(20) NULL,
	MADC VARCHAR(20) NULL,
	SOLUONG INT NULL,
)

GO
----------------------------------------------TẠO PHIẾU TRẢ---------------------------------------------------
CREATE TABLE PHIEUTRA
(
	MAPT INT IDENTITY(1,1) NOT NULL,
	NGAYTRA DATETIME,
	NOIDUNG NVARCHAR(MAX) NULL,
	CHAPNHAN BIT NULL,
	TINHTRANG INT NULL,
	MAND INT NULL,
)

GO
-----------------------------------------------TẠO CHI TIẾT PHIẾU TRẢ---------------------------------------------
CREATE TABLE CT_PHIEUTRA
(
	MAPT INT IDENTITY(1,1) NOT NULL,
	MAHC VARCHAR(20) NULL,
	MATB VARCHAR(20) NULL,
	MADC VARCHAR(20) NULL,
	SOLUONG INT NULL,
)
----------------------------------------------THÊM CONSTRAINT--------------------------------------------------
---------------------------------------------------------------------------------------------------------------

GO
--ADD KHOÁ CHÍNH
ALTER TABLE PHANQUYEN
ADD CONSTRAINT PK_MAQUYEN PRIMARY KEY(MAQUYEN)

ALTER TABLE NGUOIDUNG
ADD CONSTRAINT PK_NGUOIDUNG PRIMARY KEY(MAND)

ALTER TABLE DOIMATKHAU
ADD CONSTRAINT PK_DOIMATKHAU PRIMARY KEY(MAND)

ALTER TABLE LOAIPHONGLAB
ADD CONSTRAINT PK_LOAIPHONGLAB PRIMARY KEY(MALOAI)

ALTER TABLE PHONGLAB
ADD CONSTRAINT PK_PHLAB PRIMARY KEY(MAPHLAB)

ALTER TABLE PHONGBAN
ADD CONSTRAINT PK_PHBAN PRIMARY KEY(MAPHBAN)

ALTER TABLE GIANGVIEN
ADD CONSTRAINT PK_GIANGVIEN PRIMARY KEY(MAGV)

ALTER TABLE DANGKYPHONG
ADD CONSTRAINT PK_DANGKYPHONG PRIMARY KEY(MADK)

ALTER TABLE TTDANGKY
ADD CONSTRAINT PK_TTDANGKY PRIMARY KEY(MATT)

ALTER TABLE PHIEUXUATPHONGLAB
ADD CONSTRAINT PK_PHIEUXUATPHONGLAB PRIMARY KEY(MAPXPHLAB)

ALTER TABLE SINHVIEN
ADD CONSTRAINT PK_SINHVIEN PRIMARY KEY(MASV)

ALTER TABLE NSX
ADD CONSTRAINT PK_NSX PRIMARY KEY(MANSX)

ALTER TABLE NCC
ADD CONSTRAINT PK_NCC PRIMARY KEY(MANCC)

ALTER TABLE BANGGIA
ADD CONSTRAINT PK_BANGGIA PRIMARY KEY(MANCC)

ALTER TABLE LOAITTB
ADD CONSTRAINT PK_LOAITTB PRIMARY KEY(MALOAI)

ALTER TABLE LOAIHOACHAT
ADD CONSTRAINT PK_LOAIHC PRIMARY KEY(MALHC)

ALTER TABLE HOACHAT
ADD CONSTRAINT PK_HOACHAT PRIMARY KEY(MAHC)

ALTER TABLE CT_HOACHAT
ADD CONSTRAINT PK_CT_HOACHAT PRIMARY KEY(MAHC)

ALTER TABLE DUTRUHOACHAT
ADD CONSTRAINT PK_DUTRUHOACHAT PRIMARY KEY(MAHC)

ALTER TABLE HOACHAT_CNTP
ADD CONSTRAINT PK_HOACHAT_CNTP PRIMARY KEY(MAHC_CNTP)

--ALTER TABLE CT_HOACHAT_CNTP
--ADD CONSTRAINT PK_CT_HOACHAT_CNTP PRIMARY KEY(MAHC_CNTP)

--ALTER TABLE DUTRUHOACHAT_CNTP
--ADD CONSTRAINT PK_DUTRUHOACHAT_CNTP PRIMARY KEY(MAHC_CNTP)

ALTER TABLE THIETBI
ADD CONSTRAINT PK_THIETBI PRIMARY KEY(MATB)

ALTER TABLE CT_THIETBI
ADD CONSTRAINT PK_CT_THIETBI PRIMARY KEY(MATB)

ALTER TABLE DUTRUTHIETBI
ADD CONSTRAINT PK_DUTRUTHIETBI PRIMARY KEY(MATB)

ALTER TABLE THIETBI_CNTP
ADD CONSTRAINT PK_THIETBI_CNTP PRIMARY KEY(MATB)

ALTER TABLE DUNGCU
ADD CONSTRAINT PK_DUNGCU PRIMARY KEY (MADC)

ALTER TABLE CT_DUNGCU
ADD CONSTRAINT PK_CT_DUNGCU PRIMARY KEY(MADC)

ALTER TABLE DUTRUDUNGCU
ADD CONSTRAINT PK_DUTRUDUNGCU PRIMARY KEY(MADC)

ALTER TABLE DUNGCU_CNTP
ADD CONSTRAINT PK_DUNGCU_CNTP PRIMARY KEY(MADC)

ALTER TABLE SUKIEN
ADD CONSTRAINT PK_SK PRIMARY KEY (MASK)

ALTER TABLE PHIEUXUAT
ADD CONSTRAINT PK_PHIEUXUAT PRIMARY KEY(MAPX)

ALTER TABLE CHITIETPHIEUXUAT
ADD CONSTRAINT PK_CTPX PRIMARY KEY(MAPX)

--ALTER TABLE XUATHOACHAT
--ADD CONSTRAINT PK_XUATHOACHAT_MAPX_MAHC PRIMARY KEY(MAPX, MAHC_id)

ALTER TABLE PHIEUNHAP
ADD CONSTRAINT PK_PHIEUNHAP PRIMARY KEY(MAPN)

ALTER TABLE PHIEUNHAP_KHOA
ADD CONSTRAINT PK_PHIEUNHAP_KHOA PRIMARY KEY(MAPN_KHOA)

ALTER TABLE CHITIETPHIEUNHAP
ADD CONSTRAINT PK_CTPN_PN PRIMARY KEY(MAPN)

ALTER TABLE CHITIETPHIEUNHAP_KHOA
ADD CONSTRAINT PK_CHITIETPHIEUNHAP_KHOA PRIMARY KEY(MAPN_KHOA)

ALTER TABLE PHIEUTHANHLY
ADD CONSTRAINT PK_PHIEUTHANHLY PRIMARY KEY(MATL)

ALTER TABLE CHITIETPHIEUTHANHLY
ADD CONSTRAINT PK_CHITIETPHIEUTHANHLY PRIMARY KEY(MATL)

ALTER TABLE LISTTHANHLY
ADD CONSTRAINT PK_LISTTL PRIMARY KEY(MALIST)

ALTER TABLE HOANTRA
ADD CONSTRAINT PK_HOANTRA PRIMARY KEY(MAHT)

ALTER TABLE TTBTRA
ADD CONSTRAINT PK_TTBTRA_MAHT_MAHC PRIMARY KEY(MAHT_id, MAHC_id)

--ALTER TABLE PHIEUKIEMDUYET
--ADD CONSTRAINT PK_MAKD PRIMARY KEY(MAKD)

--ALTER TABLE CHITIETKIEMDUYET
--ADD CONSTRAINT PK_MAKD PRIMARY KEY(MAKD)

--ALTER TABLE CHITIETKIEMDUYET
--ADD CONSTRAINT PK_MAHC PRIMARY KEY(MAHC)

ALTER TABLE MUONHC
ADD CONSTRAINT PK_MUONHC PRIMARY KEY(MAMHC)

ALTER TABLE MUONTB
ADD CONSTRAINT PK_MUONTB PRIMARY KEY(MAMTB)

ALTER TABLE MUONDC
ADD CONSTRAINT PK_MUONDC PRIMARY KEY(MAMDC) 

ALTER TABLE TRAHC
ADD CONSTRAINT PK_TRAHC PRIMARY KEY(MATHC)

ALTER TABLE TRATB
ADD CONSTRAINT PK_TRATB PRIMARY KEY(MATTB)

ALTER TABLE TRADC
ADD CONSTRAINT PK_TRADC PRIMARY KEY(MATDC) 

ALTER TABLE PHIEUMUON
ADD CONSTRAINT PK_PHIEUMUON PRIMARY KEY(MAPM)

ALTER TABLE CT_PHIEUMUON
ADD CONSTRAINT PK_CT_PHIEUMUON PRIMARY KEY(MAPM)

ALTER TABLE PHIEUTRA
ADD CONSTRAINT PK_PHIEUTRA PRIMARY KEY(MAPT)

ALTER TABLE CT_PHIEUTRA
ADD CONSTRAINT PK_CT_PHIEUTRA PRIMARY KEY(MAPT)

GO
-----------------------------------------ADD KHOÁ NGOẠI--------------------------------------------
---------------------------------------------------------------------------------------------------
--NGƯỜI DÙNG--
ALTER TABLE NGUOIDUNG
ADD CONSTRAINT FK_NGUOIDUNG_PHANQUYEN FOREIGN KEY(MAQUYEN) REFERENCES PHANQUYEN(MAQUYEN)

--ĐỔI MẬT KHẨU
ALTER TABLE DOIMATKHAU
ADD CONSTRAINT FK_DOIMATKHAU_NGUOIDUNG FOREIGN KEY(MAND) REFERENCES NGUOIDUNG(MAND)

--GIẢNG VIÊN--
ALTER TABLE GIANGVIEN
ADD CONSTRAINT FK_GIANGVIEN_PHBAN FOREIGN KEY(MAPHBAN) REFERENCES PHONGBAN(MAPHBAN)
--ALTER TABLE GIANGVIEN
--ADD CONSTRAINT FK_GIANGVIEN_PHLAB FOREIGN KEY(MAPHLAB) REFERENCES PHONGLAB(MAPHLAB)

--PHÒNG LAB--
ALTER TABLE PHONGLAB
ADD CONSTRAINT FK_PHONGLAB_LOAIPHONGLAB FOREIGN KEY(LOAIPHONG) REFERENCES LOAIPHONGLAB(MALOAI)

--PHIẾU XUẤT PHÒNG LAB--
ALTER TABLE PHIEUXUATPHONGLAB
ADD CONSTRAINT FK_PHIEUXUATPHONGLAB_PHLAB FOREIGN KEY(MAPHLAB) REFERENCES PHONGLAB(MAPHLAB)

--SINH VIÊN--
--ALTER TABLE SINHVIEN
--ADD CONSTRAINT FK_SINHVIEN_PHIEUXUATPHONGLAB FOREIGN KEY(MAPXPHLAB) REFERENCES PHIEUXUATPHONGLAB(MAPXPHLAB)

--BẢNG GIÁ THAM KHẢO--
ALTER TABLE BANGGIA
ADD CONSTRAINT FK_BANGGIA_NCC FOREIGN KEY(MANCC) REFERENCES NCC(MANCC)
ALTER TABLE BANGGIA
ADD CONSTRAINT FK_BANGGIA_HOACHAT FOREIGN KEY(MAHC) REFERENCES HOACHAT(MAHC)
ALTER TABLE BANGGIA
ADD CONSTRAINT FK_BANGGIA_THIETBI FOREIGN KEY(MATB) REFERENCES THIETBI(MATB)
ALTER TABLE BANGGIA
ADD CONSTRAINT FK_BANGGIA_DUNGCU FOREIGN KEY(MADC) REFERENCES DUNGCU(MADC)

--HOÁ CHẤT--
ALTER TABLE HOACHAT
ADD CONSTRAINT FK_HOACHAT_LOAIHC FOREIGN KEY(MALHC) REFERENCES LOAIHOACHAT(MALHC)
ALTER TABLE HOACHAT
ADD CONSTRAINT FK_MALOAI_HC FOREIGN KEY(MALOAI) REFERENCES LOAITTB(MALOAI)

--CHI TIẾT HOÁ CHẤT--
ALTER TABLE CT_HOACHAT
ADD CONSTRAINT FK_CT_HOACHAT_HOACHAT FOREIGN KEY(MAHC) REFERENCES HOACHAT(MAHC)

--DỰ TRÙ HOÁ CHẤT--
ALTER TABLE DUTRUHOACHAT
ADD CONSTRAINT FK_DUTRUHOACHAT_HOACHAT FOREIGN KEY(MAHC) REFERENCES HOACHAT(MAHC)

--HOÁ CHẤT CỦA KHOA CNTP--
ALTER TABLE HOACHAT_CNTP
ADD CONSTRAINT FK_HOACHAT_CNTP_HOACHAT FOREIGN KEY(MAHC_CNTP) REFERENCES HOACHAT(MAHC)
ALTER TABLE HOACHAT_CNTP
ADD CONSTRAINT FK_HOACHAT_CNTP_LOAIHOACHAT FOREIGN KEY(MALHC) REFERENCES LOAIHOACHAT(MALHC)

--THIẾT BỊ--
ALTER TABLE THIETBI
ADD CONSTRAINT FK_MALOAI_TB FOREIGN KEY(MALOAI) REFERENCES LOAITTB(MALOAI)

--CHI TIẾT THIẾT BỊ--
ALTER TABLE CT_THIETBI
ADD CONSTRAINT FK_CT_THIETBI_THIETBI FOREIGN KEY(MATB) REFERENCES THIETBI(MATB)

--DỰ TRÙ THIẾT BỊ--
ALTER TABLE DUTRUTHIETBI
ADD CONSTRAINT FK_DUTRUTHIETBI_THIETBI FOREIGN KEY(MATB) REFERENCES THIETBI(MATB)

--THIẾT BỊ CNTP--
ALTER TABLE THIETBI_CNTP
ADD CONSTRAINT FK_THIETBI_CNTP_THIETBI FOREIGN KEY(MATB) REFERENCES THIETBI(MATB)

--DỤNG CỤ--
ALTER TABLE DUNGCU
ADD CONSTRAINT FK_MALOAI_DC FOREIGN KEY(MALOAI) REFERENCES LOAITTB(MALOAI)

--CHI TIẾT DỤNG CỤ--
ALTER TABLE CT_DUNGCU
ADD CONSTRAINT FK_CT_DUNGCU_DUNGCU FOREIGN KEY(MADC) REFERENCES DUNGCU(MADC)

--DỰ TRÙ DỤNG CỤ--
ALTER TABLE DUTRUDUNGCU
ADD CONSTRAINT FK_DUTRUDUNGCU_DUNGCU FOREIGN KEY(MADC) REFERENCES DUNGCU(MADC)

--DỤNG CỤ CNTP--
ALTER TABLE DUNGCU_CNTP
ADD CONSTRAINT FK_DUNGCU_CNTP_DUNGCU FOREIGN KEY(MADC) REFERENCES DUNGCU(MADC)

--SỰ KIỆN--
ALTER TABLE SUKIEN
ADD CONSTRAINT FK_SK_GV FOREIGN KEY(MAGV) REFERENCES GIANGVIEN(MAGV)
--ALTER TABLE SUKIEN
--ADD CONSTRAINT FK_SK_PHLAB FOREIGN KEY(MAPHLAB) REFERENCES PHONGLAB(MAPHLAB)

--PHIẾU XUẤT--
ALTER TABLE PHIEUXUAT
ADD CONSTRAINT FK_PHIEUXUAT_PHONGBAN FOREIGN KEY(MAPHBAN) REFERENCES PHONGBAN(MAPHBAN)

--CHI TIẾT PHIẾU XUẤT--
ALTER TABLE CHITIETPHIEUXUAT
ADD CONSTRAINT FK_CTPX_PX FOREIGN KEY(MAPX) REFERENCES PHIEUXUAT(MAPX)
ALTER TABLE CHITIETPHIEUXUAT
ADD CONSTRAINT FK_CTPX_HC FOREIGN KEY(MAHC) REFERENCES HOACHAT(MAHC)
ALTER TABLE CHITIETPHIEUXUAT
ADD CONSTRAINT FK_CTPX_HC_CNTP FOREIGN KEY(MAHC_CNTP) REFERENCES HOACHAT_CNTP(MAHC_CNTP)
ALTER TABLE CHITIETPHIEUXUAT
ADD CONSTRAINT FK_CTPX_TB FOREIGN KEY(MATB) REFERENCES THIETBI(MATB)
ALTER TABLE CHITIETPHIEUXUAT
ADD CONSTRAINT FK_CTPX_DC FOREIGN KEY(MADC) REFERENCES DUNGCU(MADC)
--ALTER TABLE CHITIETPHIEUXUAT 
--ADD  DEFAULT (getdate()) FOR NGAYXUAT

----XUẤT HOÁ CHẤT--
--ALTER TABLE XUATHOACHAT
--ADD CONSTRAINT FK_XUATHOACHAT_CTPX FOREIGN KEY(MAPX) REFERENCES CHITIETPHIEUXUAT(MAPX)
--ALTER TABLE XUATHOACHAT
--ADD CONSTRAINT FK_XUATHOACHAT_HC FOREIGN KEY(MAHC_id) REFERENCES HOACHAT(MAHC)

--PHIẾU NHẬP--
--ALTER TABLE PHIEUNHAP
--ADD CONSTRAINT FK_PHIEUNHAP_PHONGLAB FOREIGN KEY(MAPHLAB) REFERENCES PHONGLAB(MAPHLAB)
ALTER TABLE PHIEUNHAP
ADD CONSTRAINT FK_PHIEUNHAP_NCC FOREIGN KEY(MANCC) REFERENCES NCC(MANCC)

--PHIẾU NHẬP VỀ KHOA--
ALTER TABLE PHIEUNHAP_KHOA
ADD CONSTRAINT FK_PHIEUNHAP_KHOA_HOACHAT_CNTP FOREIGN KEY(MAHC_CNTP) REFERENCES HOACHAT_CNTP(MAHC_CNTP)
ALTER TABLE PHIEUNHAP_KHOA
ADD CONSTRAINT FK_PNK_MATB FOREIGN KEY(MATB_CNTP) REFERENCES THIETBI_CNTP(MATB)
ALTER TABLE PHIEUNHAP_KHOA
ADD	CONSTRAINT FK_PNK_MADC FOREIGN KEY(MADC_CNTP) REFERENCES DUNGCU_CNTP(MADC)

--CHI TIẾT PHIẾU NHẬP--
ALTER TABLE CHITIETPHIEUNHAP
ADD CONSTRAINT FK_CTPN_PN FOREIGN KEY(MAPN) REFERENCES PHIEUNHAP(MAPN)
ALTER TABLE CHITIETPHIEUNHAP
ADD CONSTRAINT FK_CTPN_HC FOREIGN KEY(MAHC) REFERENCES HOACHAT(MAHC)
ALTER TABLE CHITIETPHIEUNHAP
ADD CONSTRAINT FK_CTPN_TB FOREIGN KEY(MATB) REFERENCES THIETBI(MATB)
ALTER TABLE CHITIETPHIEUNHAP
ADD CONSTRAINT FK_CTPN_DC FOREIGN KEY(MADC) REFERENCES DUNGCU(MADC)

--CHI TIẾT PHIẾU NHẬP VỀ KHOA--
ALTER TABLE CHITIETPHIEUNHAP_KHOA
ADD CONSTRAINT FK_CHITIETPHIEUNHAP_KHOA_HOACHAT_CNTP FOREIGN KEY(MAHC_CNTP) REFERENCES HOACHAT_CNTP(MAHC_CNTP)
ALTER TABLE CHITIETPHIEUNHAP_KHOA
ADD CONSTRAINT FK_CTPNK_MATB FOREIGN KEY(MATB_CNTP) REFERENCES THIETBI_CNTP(MATB)
ALTER TABLE CHITIETPHIEUNHAP_KHOA
ADD	CONSTRAINT FK_CNPNK_MADC FOREIGN KEY(MADC_CNTP) REFERENCES DUNGCU_CNTP(MADC)

--CHI TIẾT PHIẾU THANH LÝ--
ALTER TABLE CHITIETPHIEUTHANHLY
ADD CONSTRAINT FK_CHITIETPHIEUTHANHLY_HOACHAT FOREIGN KEY(MAHC) REFERENCES HOACHAT(MAHC)
ALTER TABLE CHITIETPHIEUTHANHLY
ADD CONSTRAINT FK_CHITIETPHIEUTHANHLY_THIETBI FOREIGN KEY(MATB) REFERENCES THIETBI(MATB)
ALTER TABLE CHITIETPHIEUTHANHLY
ADD CONSTRAINT FK_CHITIETPHIEUTHANHLY_DUNGCU FOREIGN KEY(MADC) REFERENCES DUNGCU(MADC)

--LIST THANH LÝ--
ALTER TABLE LISTTHANHLY
ADD CONSTRAINT FK_LISTTL_HOACHAT FOREIGN KEY(MAHC) REFERENCES HOACHAT(MAHC)
ALTER TABLE LISTTHANHLY
ADD CONSTRAINT FK_LISTTL_THIETBI FOREIGN KEY(MATB) REFERENCES THIETBI(MATB)
ALTER TABLE LISTTHANHLY
ADD CONSTRAINT FK_LISTTL_DUNGCU FOREIGN KEY(MADC) REFERENCES DUNGCU(MADC)

--PHIẾU TRẢ--
--ALTER TABLE HOANTRA
--ADD CONSTRAINT FK_HOANTRA_HOACHAT  FOREIGN KEY(MAHC) REFERENCES HOACHAT(MAHC)
--ALTER TABLE HOANTRA
--ADD CONSTRAINT FK_HOANTRA_PHONGLAB FOREIGN KEY(MAPHLAB) REFERENCES PHONGLAB(MAPHLAB)


--TRẢ TRANG THIẾT BỊ--
ALTER TABLE TTBTRA
ADD CONSTRAINT FK_TTBTRA_MAHT FOREIGN KEY(MAHT_id) REFERENCES HOANTRA(MAHT)
ALTER TABLE TTBTRA
ADD CONSTRAINT FK_TTBTRA_MAHC FOREIGN KEY(MAHC_id) REFERENCES HOACHAT(MAHC)
ALTER TABLE TTBTRA
ADD CONSTRAINT FK_TTBTRA_MATB FOREIGN KEY(MATB_id) REFERENCES THIETBI(MATB)
ALTER TABLE TTBTRA
ADD CONSTRAINT FK_TTBTRA_MADC FOREIGN KEY(MADC_id) REFERENCES DUNGCU(MADC)

--CHI TIẾT PHIẾU KIỂM DUYỆT--
ALTER TABLE CHITIETKIEMDUYET
ADD CONSTRAINT FK_MAKD_MAHC FOREIGN KEY(MAHC) REFERENCES HOACHAT(MAHC)

--DANH SÁCH MƯỢN HOÁ CHẤT--
ALTER TABLE MUONHC
ADD CONSTRAINT FK_MUONHC_MAHC FOREIGN KEY(MAHC) REFERENCES HOACHAT(MAHC)

--DANH SÁCH MƯỢN THIẾT BỊ--
ALTER TABLE MUONTB
ADD CONSTRAINT FK_MUONTB_MATB FOREIGN KEY(MATB) REFERENCES THIETBI(MATB)

--DANH SÁCH MƯỢN DỤNG CỤ--
ALTER TABLE MUONDC
ADD CONSTRAINT FK_MUONDC_MADC FOREIGN KEY(MADC) REFERENCES DUNGCU(MADC)

--DANH SÁCH TRẢ HOÁ CHẤT--
ALTER TABLE TRAHC
ADD CONSTRAINT FK_TRAHC_MAHC FOREIGN KEY(MAHC) REFERENCES HOACHAT(MAHC)

--DANH SÁCH TRẢ THIẾT BỊ--
ALTER TABLE TRATB
ADD CONSTRAINT FK_TRATB_MATB FOREIGN KEY(MATB) REFERENCES THIETBI(MATB)

--DANH SÁCH TRẢ DỤNG CỤ--
ALTER TABLE TRADC
ADD CONSTRAINT FK_TRADC_MADC FOREIGN KEY(MADC) REFERENCES DUNGCU(MADC)

--PHIẾU MƯỢN--
ALTER TABLE PHIEUMUON
ADD CONSTRAINT FK_PHIEUMUON_ND FOREIGN KEY(MAND) REFERENCES NGUOIDUNG(MAND)

--PHIẾU TRẢ--
ALTER TABLE PHIEUTRA
ADD CONSTRAINT FK_PHIEUTRA_ND FOREIGN KEY(MAND) REFERENCES NGUOIDUNG(MAND)

--CHI TIẾT PHIẾU MƯỢN--
ALTER TABLE CT_PHIEUMUON
ADD CONSTRAINT FK_CT_PHIEUMUON_HC FOREIGN KEY(MAHC) REFERENCES HOACHAT(MAHC)
ALTER TABLE CT_PHIEUMUON
ADD CONSTRAINT FK_CT_PHIEUMUON_TB FOREIGN KEY(MATB) REFERENCES THIETBI(MATB)
ALTER TABLE CT_PHIEUMUON
ADD CONSTRAINT FK_CT_PHIEUMUON_DC FOREIGN KEY(MADC) REFERENCES DUNGCU(MADC)

--CHI TIẾT PHIẾU TRẢ--
ALTER TABLE CT_PHIEUTRA
ADD CONSTRAINT FK_CT_PHIEUTRA_HC FOREIGN KEY(MAHC) REFERENCES HOACHAT(MAHC)
ALTER TABLE CT_PHIEUTRA
ADD CONSTRAINT FK_CT_PHIEUTRA_TB FOREIGN KEY(MATB) REFERENCES THIETBI(MATB)
ALTER TABLE CT_PHIEUTRA
ADD CONSTRAINT FK_CT_PHIEUTRA_DC FOREIGN KEY(MADC) REFERENCES DUNGCU(MADC)
----------------------------------------------THÊM DỮ LIỆU-----------------------------------------------------
---------------------------------------------------------------------------------------------------------------
GO
--THÊM BẢNG PHÂN QUYỀN
INSERT INTO PHANQUYEN VALUES(1, N'TRƯỞNG KHOA')
INSERT INTO PHANQUYEN VALUES(2, N'GIẢNG VIÊN')
INSERT INTO PHANQUYEN VALUES(3, N'SINH VIÊN')
INSERT INTO PHANQUYEN VALUES(4, N'NHÂN VIÊN KHO')

GO
--THÊM BẢNG NGƯỜI DÙNG
SET IDENTITY_INSERT NGUOIDUNG ON
INSERT INTO NGUOIDUNG(MAND,USERNAME,PASSWORD,CONFIRMPASSWORD,HOTEN,EMAIL,DIENTHOAI,DIACHI,MAQUYEN) VALUES(1, N'giaovien01', N'gv01', N'gv01', N'HOÀNG VĂN THỤ', N'hoangvanthu01@gmail.com', N'096854234', N'TÂN PHÚ', 2)
INSERT INTO NGUOIDUNG(MAND,USERNAME,PASSWORD,CONFIRMPASSWORD,HOTEN,EMAIL,DIENTHOAI,DIACHI,MAQUYEN) VALUES(2, N'giaovien02', N'gv02', N'gv02', N'HUỲNH HOÀNG HOA', N'huynhhoanghoa02@gmail.com', N'08965548', N'CỦ CHI', 2)
INSERT INTO NGUOIDUNG(MAND,USERNAME,PASSWORD,CONFIRMPASSWORD,HOTEN,EMAIL,DIENTHOAI,DIACHI,MAQUYEN) VALUES(3, N'truongkhoa03', N'tk03', N'tk03', N'NGUYỄN HOÀNG DƯƠNG', N'nguyenhoangduong03@gmail.com', N'096854234', N'PHÚ NHUẬN', 1)
INSERT INTO NGUOIDUNG(MAND,USERNAME,PASSWORD,CONFIRMPASSWORD,HOTEN,EMAIL,DIENTHOAI,DIACHI,MAQUYEN) VALUES(4, N'giaovien04', N'gv04', N'gv04', N'TRẦN VĂN HÀO', N'tranvanhao04@gmail.com', N'068545785', N'BÌNH THẠNH', 2)
INSERT INTO NGUOIDUNG(MAND,USERNAME,PASSWORD,CONFIRMPASSWORD,HOTEN,EMAIL,DIENTHOAI,DIACHI,MAQUYEN) VALUES(5, N'sinhvien05', N'sv05', N'sv05', N'PHAN THỊ BÍCH', N'phanthibich05@gmail.com', N'035485852', N'QUẬN 10', 3)
INSERT INTO NGUOIDUNG(MAND,USERNAME,PASSWORD,CONFIRMPASSWORD,HOTEN,EMAIL,DIENTHOAI,DIACHI,MAQUYEN) VALUES(6, N'nhanvienkho06', N'nvk06', N'nvk06', N'HOÀNG VĂN HOÀNG', N'hoangvanhoang@gmail.com', N'05558885', N'QUẬN 10', 4)
SET IDENTITY_INSERT NGUOIDUNG OFF
select*from NguoiDung

GO
--THÊM BẢNG ĐỔI MẬT KHẨU
SET IDENTITY_INSERT DOIMATKHAU ON
INSERT INTO DOIMATKHAU(MAND,EMAIL,PASSWORD,NEWPASSWORD,CONFIRMPASSWORD) VALUES(1, N'hoangvanthu01@gmail.com', N'gv01', N'123456', N'123456')
INSERT INTO DOIMATKHAU(MAND,EMAIL,PASSWORD,NEWPASSWORD,CONFIRMPASSWORD) VALUES(2, N'huynhhoanghoa02@gmail.com', N'gv02', N'123456', N'123456')
INSERT INTO DOIMATKHAU(MAND,EMAIL,PASSWORD,NEWPASSWORD,CONFIRMPASSWORD) VALUES(3, N'nguyenhoangduong03@gmail.com', N'tk03', N'123456', N'123456')
INSERT INTO DOIMATKHAU(MAND,EMAIL,PASSWORD,NEWPASSWORD,CONFIRMPASSWORD) VALUES(4, N'tranvanhao04@gmail.com', N'gv04', N'123456', N'123456')
INSERT INTO DOIMATKHAU(MAND,EMAIL,PASSWORD,NEWPASSWORD,CONFIRMPASSWORD) VALUES(5, N'phanthibich05@gmail.com', N'sv05', N'123456', N'123456')
SET IDENTITY_INSERT DOIMATKHAU OFF
select*from DOIMATKHAU

GO
--THÊM BẢNG LOẠI PHÒNG LAB
INSERT INTO LOAIPHONGLAB VALUES(1, N'NHỎ')
INSERT INTO LOAIPHONGLAB VALUES(2, N'VỪA')
INSERT INTO LOAIPHONGLAB VALUES(3, N'LỚN')

GO
--THÊM BẢNG TRẠNG THÁI ĐĂNG KÝ PHÒNG LAB
INSERT INTO TTDANGKY VALUES(1, 'ĐÃ ĐĂNG KÝ')
INSERT INTO TTDANGKY VALUES(2, 'CÒN TRỐNG')

GO
--THÊM BẢNG PHÒNG LAB
SET IDENTITY_INSERT PHONGLAB ON
INSERT INTO PHONGLAB(MAPHLAB, SOPHONG, HINHANH, TRANGTHAI, LOAIPHONG, SUCCHUA, DIADIEM, GHICHU, LABActive) VALUES(1, N'A110', N'lab1.jpg', 1, 2, 20, N'140 LÊ TRỌNG TẤN TPHCM QUẬN TÂN PHÚ', N'PHÒNG ĐANG NÂNG CẤP VÀ SỬA SANG', 0)
INSERT INTO PHONGLAB(MAPHLAB, SOPHONG, HINHANH, TRANGTHAI, LOAIPHONG, SUCCHUA, DIADIEM, GHICHU, LABActive) VALUES(2, N'A111', N'lab2.jpg', 1, 3, 30, N'140 LÊ TRỌNG TẤN TPHCM QUẬN TÂN PHÚ', N'PHÒNG ĐANG NÂNG CẤP VÀ SỬA SANG', 1)
INSERT INTO PHONGLAB(MAPHLAB, SOPHONG, HINHANH, TRANGTHAI, LOAIPHONG, SUCCHUA, DIADIEM, GHICHU, LABActive) VALUES(3, N'A112', N'lab3.jpg', 0, 1, 10, N'140 LÊ TRỌNG TẤN TPHCM QUẬN TÂN PHÚ', N'PHÒNG ĐANG NÂNG CẤP VÀ SỬA SANG', 0)
INSERT INTO PHONGLAB(MAPHLAB, SOPHONG, HINHANH, TRANGTHAI, LOAIPHONG, SUCCHUA, DIADIEM, GHICHU, LABActive) VALUES(4, N'A113', N'lab4.jpg', 1, 2, 20, N'140 LÊ TRỌNG TẤN TPHCM QUẬN TÂN PHÚ', N'PHÒNG ĐANG NÂNG CẤP VÀ SỬA SANG', 1)
INSERT INTO PHONGLAB(MAPHLAB, SOPHONG, HINHANH, TRANGTHAI, LOAIPHONG, SUCCHUA, DIADIEM, GHICHU, LABActive) VALUES(5, N'A114', N'lab5.jpg', 0, 3, 30, N'140 LÊ TRỌNG TẤN TPHCM QUẬN TÂN PHÚ', N'PHÒNG ĐANG NÂNG CẤP VÀ SỬA SANG', 1)
SET IDENTITY_INSERT PHONGLAB OFF
SELECT*FROM PHONGLAB

GO
--THÊM BẢNG PHÒNG BAN
INSERT INTO PHONGBAN VALUES(N'KHOA01', N'KHOA CÔNG NGHỆ THÔNG TIN', N'LẦU B', N'CUNG CẤP THIẾT BỊ VÀ DỤNG CỤ CHO PHÒNG LAB')
INSERT INTO PHONGBAN VALUES(N'KHOA02', N'KHOA CÔNG NGHIỆP THỰC PHẨM', N'LẦU B', N'CUNG CẤP THIẾT BỊ VÀ DỤNG CỤ CHO PHÒNG LAB')
INSERT INTO PHONGBAN VALUES(N'KHOA03', N'KHOA CÔNG NGHỆ HÓA HỌC', N'LẦU F', N'CUNG CẤP THIẾT BỊ VÀ DỤNG CỤ CHO PHÒNG LAB')
INSERT INTO PHONGBAN VALUES(N'KHOA04', N'KHOA CÔNG NGHỆ ĐIỆN ĐIỆN TỬ', N'LẦU F', N'CUNG CẤP THIẾT BỊ VÀ DỤNG CỤ CHO PHÒNG LAB')
INSERT INTO PHONGBAN VALUES(N'KHOA05', N'KHOA CÔNG NGHỆ NGOẠI NGỮ', N'LẦU C', N'CUNG CẤP THIẾT BỊ VÀ DỤNG CỤ CHO PHÒNG LAB')

GO
--THÊM BẢNG GIẢNG VIÊN
INSERT INTO GIANGVIEN VALUES(N'GV01', N'HUỲNH HOÀNG HOA', N'1994-01-02', N'NỮ', N'09877837', N'TPHCM', N'KHOA01', N'GIẢNG VIÊN')
INSERT INTO GIANGVIEN VALUES(N'GV02', N'TRẦN HUỲNH SA', N'1990-04-03', N'NỮ', N'08277837', N'CẦN GIỜ', N'KHOA02', N'GIẢNG VIÊN')
INSERT INTO GIANGVIEN VALUES(N'GV03', N'HUỲNH HOÀNG CHƯƠNG', N'1989-11-12', N'NAM', N'09277837', N'CỦ CHI', N'KHOA03', N'GIẢNG VIÊN')
INSERT INTO GIANGVIEN VALUES(N'GV04', N'PHAN CHÂU TRINH', N'1994-12-12', N'NỮ', N'06777837', N'TPHCM', N'KHOA05', N'GIẢNG VIÊN')
INSERT INTO GIANGVIEN VALUES(N'TK05', N'NGUYỄN THANH NGUYÊN', N'1994-09-05', N'NAM', N'07217837', N'HÀ NỘI', N'KHOA05', N'TRƯỞNG KHOA')

----THÊM BẢNG PHIẾU XUẤT PHÒNG LAB
--INSERT INTO PHIEUXUATPHONGLAB VALUES(1, N'2023-09-09', N'ĐĂNG KÝ CHO SINH VIÊN MƯỢN PHÒNG', N'HUỲNH MỸ KHOA', 1, 1, N'NGUYỄN VÂN ANH', N'MƯỢN PHÒNG')
--INSERT INTO PHIEUXUATPHONGLAB VALUES(2, N'2023-10-10', N'ĐĂNG KÝ CHO SINH VIÊN MƯỢN PHÒNG', N'PHAN MỸ KIỀU', 2, 1, N'NGUYỄN VÂN ANH', N'MƯỢN PHÒNG')
--INSERT INTO PHIEUXUATPHONGLAB VALUES(3, N'2023-11-11', N'ĐĂNG KÝ CHO SINH VIÊN MƯỢN PHÒNG', N'HUỲNH MỸ KHOA', 3, 1, N'NGUYỄN VÂN ANH', N'MƯỢN PHÒNG')

GO
--THÊM BẢNG SINH VIÊN
INSERT INTO SINHVIEN VALUES(N'SV01', N'PHAN KIỀU', N'2001-09-09', N'NỮ')
INSERT INTO SINHVIEN VALUES(N'SV02', N'PHAN KIỀU TRINH', N'2001-10-10', N'NỮ')
INSERT INTO SINHVIEN VALUES(N'SV03', N'PHAN THANH TÚ', N'2001-02-06', N'NAM')
INSERT INTO SINHVIEN VALUES(N'SV04', N'NGUYỄN THANH HÀ', N'2001-09-07', N'NAM')
INSERT INTO SINHVIEN VALUES(N'SV05', N'PHAN CHU TRINH', N'2001-11-02', N'NỮ')
INSERT INTO SINHVIEN VALUES(N'SV06', N'TRẦN TỐ NỮ', N'2001-09-02', N'NỮ')
INSERT INTO SINHVIEN VALUES(N'SV07', N'TRẦN HOÀNG KHA', N'2001-12-12', N'NAM')
INSERT INTO SINHVIEN VALUES(N'SV08', N'TỐNG ĐĂNG KHOA', N'2001-03-29', N'NAM')
INSERT INTO SINHVIEN VALUES(N'SV09', N'KIỀU MINH TÚ', N'2001-02-02', N'NỮ')
INSERT INTO SINHVIEN VALUES(N'SV10', N'TỐNG NGỌC NHƯ Ý', N'2001-03-07', N'NỮ')
INSERT INTO SINHVIEN VALUES(N'SV11', N'PHAN MẠNH QUỲNH', N'2001-04-03', N'NAM')
INSERT INTO SINHVIEN VALUES(N'SV12', N'SƠN THẠCH', N'2001-05-02', N'NAM')
INSERT INTO SINHVIEN VALUES(N'SV13', N'TỐ HOA', N'2001-06-05', N'NỮ')
INSERT INTO SINHVIEN VALUES(N'SV14', N'KIỀM MINH ANH', N'2001-07-12', N'NỮ')
INSERT INTO SINHVIEN VALUES(N'SV15', N'TỐNG NGỌC NHƯ Ý', N'2001-08-10', N'NỮ')
INSERT INTO SINHVIEN VALUES(N'SV16', N'TRẦN NGUYÊN GIÁP', N'2001-08-01', N'NAM')
INSERT INTO SINHVIEN VALUES(N'SV17', N'PHẠM VĂN THÔNG', N'2001-01-10', N'NAM')
INSERT INTO SINHVIEN VALUES(N'SV18', N'NGUYỄN HẢI QUANG', N'2001-03-10', N'NAM')
INSERT INTO SINHVIEN VALUES(N'SV19', N'HỒ VĂN Ý', N'2001-08-09', N'NAM')
INSERT INTO SINHVIEN VALUES(N'SV20', N'NGUYỄN MINH TRÍ', N'2001-02-10', N'NAM')

GO
--THÊM BẢNG NHÀ SẢN XUẤT
INSERT INTO NSX VALUES(N'NSX01', N'NHÀ SẢN XUẤT HÓA CHẤT VIỆT KIỀU', N'03258892', N'ENGLAND')
INSERT INTO NSX VALUES(N'NSX02', N'NHÀ SẢN XUẤT THIẾT BỊ Á ÂU', N'05889525', N'AMERICA')
INSERT INTO NSX VALUES(N'NSX03', N'NHÀ SẢN XUẤT DỤNG CU JETPOST', N'0255692', N'GERMANY')
INSERT INTO NSX VALUES(N'NSX04', N'NHÀ SẢN XUẤT HÓA CHẤT MYSTERIOUS', N'087552152', N'INDIA')
INSERT INTO NSX VALUES(N'NSX05', N'NHÀ SẢN XUẤT CÔNG CỤ PHONEPIS', N'056632589', N'BRAZIL')

GO
--THÊM BẢNG NHÀ CUNG CẤP
INSERT INTO NCC VALUES(N'NCC01', N'NHÀ CUNG CẤP VÀ PHÂN PHỐI BÌNH ĐIỀN', N'05632258', N'TPHCM')
INSERT INTO NCC VALUES(N'NCC02', N'NHÀ CUNG CẤP VÀ PHÂN PHỐI PHI PHỤNG', N'02555332', N'HÀ NỘI')
INSERT INTO NCC VALUES(N'NCC03', N'NHÀ CUNG CẤP VÀ PHÂN PHỐI MỸ HOÀNG GIA', N'05558872', N'CỦ CHI')
INSERT INTO NCC VALUES(N'NCC04', N'NHÀ CUNG CẤP VÀ PHÂN PHỐI PHAN HUY ÍCH', N'07896233', N'BÌNH THUẬN')
INSERT INTO NCC VALUES(N'NCC05', N'NHÀ CUNG CẤP VÀ PHÂN PHỐI PHAN CHÂU TRINH', N'01452235', N'BÌNH CHÁNH')

GO
--THÊM BẢNG LOẠI TRANG THIẾT BỊ
INSERT INTO LOAITTB VALUES(N'LOAI01', N'HOÁ CHẤT')
INSERT INTO LOAITTB VALUES(N'LOAI02', N'THIẾT BỊ')
INSERT INTO LOAITTB VALUES(N'LOAI03', N'DỤNG CỤ')

GO
--THÊM BẢNG LOẠI HOÁ CHẤT
INSERT INTO LOAIHOACHAT VALUES(1, N'NƯỚC', 20)
INSERT INTO LOAIHOACHAT VALUES(2, N'AXIT', 30)
INSERT INTO LOAIHOACHAT VALUES(3, N'AMONIAC', 10)
INSERT INTO LOAIHOACHAT VALUES(4, N'CACBON', 50)

GO
--THÊM BẢNG HÓA CHẤT
INSERT INTO HOACHAT VALUES(N'HC01', N'KALI HIDROXIT', 1, 1300, N'SZHA0199', N'CHAI', 60, 10, 50, 0, 150000, N'hc01.jpg', N'LOAI01')
INSERT INTO HOACHAT VALUES(N'HC02', N'NATRI HIDROXIT', 2, 1200, N'JHXHJS112', N'CHAI', 60, 10, 50, 0, 120000, N'hc02.jpg', N'LOAI01')
INSERT INTO HOACHAT VALUES(N'HC03', N'BARI HIDROXIT', 3, 1100, N'NSHJ10293', N'CHAI',60, 10, 50, 0, 110000, N'hc03.jpg', N'LOAI01')
INSERT INTO HOACHAT VALUES(N'HC04', N'AMON CLORUA', 4, 1000, N'JDHHSK123', N'CHAI', 60,10, 50, 0, 130000, N'hc04.jpg', N'LOAI01')
INSERT INTO HOACHAT VALUES(N'HC05', N'AMON SUNFAT', 1, 900, N'DHSG1872', N'CHAI', 60,10, 50, 0, 140000, N'hc05.jpg', N'LOAI01')
INSERT INTO HOACHAT VALUES(N'HC06', N'AMON NITRAT', 2, 1400, N'HHDGG192', N'CHAI', 60,10, 50, 0, 170000, N'hc06.jpg', N'LOAI01')
INSERT INTO HOACHAT VALUES(N'HC07', N'NATRI NITRAT', 3, 1500, N'HDGYS182', N'CHAI',60, 10, 50, 0, 160000, N'hc07.jpg', N'LOAI01')
INSERT INTO HOACHAT VALUES(N'HC08', N'CANXI NITRAT', 4, 2200, N'HFWY1234', N'CHAI', 60,10, 50, 0, 180000, N'hc08.jpg', N'LOAI01')
INSERT INTO HOACHAT VALUES(N'HC09', N'KALI CLORUA', 1, 1400, N'JDGSH1283', N'CHAI', 60,10, 50, 0, 190000, N'hc09.jpg', N'LOAI01')
INSERT INTO HOACHAT VALUES(N'HC10', N'KALI SUNFAT', 2, 1500, N'HDJS1857', N'CHAI',60, 10, 50, 0, 200000, N'hc10.jpg', N'LOAI01')
select*from HoaChat

GO
--THÊM BẢNG HOÁ CHẤT CỦA KHOA CNTP
INSERT INTO HOACHAT_CNTP VALUES(N'HC01', N'KALI HIDROXIT KOH', 1, 1300, N'SZHA0199', N'CHAI', 10, 50, 0)
INSERT INTO HOACHAT_CNTP VALUES(N'HC02', N'NATRI HIDROXIT NAOH', 2, 1200, N'JHXHJS112', N'CHAI', 10, 50, 0)
INSERT INTO HOACHAT_CNTP VALUES(N'HC03', N'BARI HIDROXIT BaOH', 3, 1100, N'NSHJ10293', N'CHAI', 10, 50, 0)
INSERT INTO HOACHAT_CNTP VALUES(N'HC04', N'AMON CLORUA NH4CL', 4, 1000, N'JDHHSK123', N'CHAI', 10, 50, 0)
INSERT INTO HOACHAT_CNTP VALUES(N'HC05', N'AMON SUNFAT (NH4)2SO4', 1, 900, N'DHSG1872', N'CHAI', 10, 50, 0)
INSERT INTO HOACHAT_CNTP VALUES(N'HC06', N'AMON NITRAT NH4NO3', 2, 1400, N'HHDGG192', N'CHAI', 10, 50, 0)
INSERT INTO HOACHAT_CNTP VALUES(N'HC07', N'NATRI NITRAT NANO3', 3, 1500, N'HDGYS182', N'CHAI', 10, 50, 0)
INSERT INTO HOACHAT_CNTP VALUES(N'HC08', N'CANXI NITRAT CA(NO3)2', 4, 2200, N'HFWY1234', N'CHAI', 10, 50, 0)
INSERT INTO HOACHAT_CNTP VALUES(N'HC09', N'KALI CLORUA KCL', 1, 1400, N'JDGSH1283', N'CHAI', 10, 50, 0)
INSERT INTO HOACHAT_CNTP VALUES(N'HC10', N'KALI SUNFAT K2SO4', 2, 1500, N'HDJS1857', N'CHAI', 10, 50, 0)
SELECT * FROM HOACHAT_CNTP

GO
--THÊM BẢNG CT HÓA CHẤT
INSERT INTO CT_HOACHAT VALUES(N'HC01', 1, N'HÀN QUỐC', N'CHAI', N'2023-01-01', 1, N'NHÀ CUNG CẤP VÀ PHÂN PHỐI BÌNH ĐIỀN', N'2023-01-01')
INSERT INTO CT_HOACHAT VALUES(N'HC02', 2, N'TRUNG QUỐC', N'CHAI', N'2023-02-02', 2, N'NHÀ CUNG CẤP VÀ PHÂN PHỐI PHI PHỤNG', N'2023-02-02')
INSERT INTO CT_HOACHAT VALUES(N'HC03', 3, N'NHẬT BẢN', N'CHAI', N'2023-03-03', 3, N'NHÀ CUNG CẤP VÀ PHÂN PHỐI MỸ HOÀNG GIA', N'2023-03-03')
INSERT INTO CT_HOACHAT VALUES(N'HC04', 4, N'THÁI LAN', N'CHAI', N'2023-04-04', 4, N'NHÀ CUNG CẤP VÀ PHÂN PHỐI PHAN HUY ÍCH', N'2023-04-04')
INSERT INTO CT_HOACHAT VALUES(N'HC05', 5, N'SINGAPORE', N'CHAI', N'2023-05-05', 5, N'NHÀ CUNG CẤP VÀ PHÂN PHỐI PHAN CHÂU TRINH', N'2023-05-05')
INSERT INTO CT_HOACHAT VALUES(N'HC06', 6, N'VIỆT NAM', N'CHAI', N'2023-06-06', 6, N'NHÀ CUNG CẤP VÀ PHÂN PHỐI PHAN CHÂU TRINH', N'2023-06-06')
INSERT INTO CT_HOACHAT VALUES(N'HC07', 7, N'QUATA', N'CHAI', N'2023-07-07', 7, N'NHÀ CUNG CẤP VÀ PHÂN PHỐI PHAN HUY ÍCH', N'2023-07-07')
INSERT INTO CT_HOACHAT VALUES(N'HC08', 8, N'DONGTIMOR', N'CHAI', N'2023-08-08', 8, N'NHÀ CUNG CẤP VÀ PHÂN PHỐI BÌNH ĐIỀN', N'2023-08-08')
INSERT INTO CT_HOACHAT VALUES(N'HC09', 9, N'HÀ LAN', N'CHAI', N'2023-09-09', 9, N'NHÀ CUNG CẤP VÀ PHÂN PHỐI BÌNH ĐIỀN', N'2023-09-09')
INSERT INTO CT_HOACHAT VALUES(N'HC10', 10, N'ANH QUỐC', N'CHAI', N'2023-10-10', 10, N'NHÀ CUNG CẤP VÀ PHÂN PHỐI MỸ HOÀNG GIA', N'2023-10-10')

--GO
----THÊM BẢNG CT HOÁ CHẤT CỦA KHOA CNTP
--INSERT INTO CT_HOACHAT_CNTP VALUES(N'HC01', 1, N'HÀN QUỐC', N'CHAI', N'2023-01-01', 1, N'NHÀ CUNG CẤP VÀ PHÂN PHỐI BÌNH ĐIỀN', N'2023-01-01')
--INSERT INTO CT_HOACHAT_CNTP VALUES(N'HC02', 2, N'TRUNG QUỐC', N'CHAI', N'2023-02-02', 2, N'NHÀ CUNG CẤP VÀ PHÂN PHỐI PHI PHỤNG', N'2023-02-02')
--INSERT INTO CT_HOACHAT_CNTP VALUES(N'HC03', 3, N'NHẬT BẢN', N'CHAI', N'2023-03-03', 3, N'NHÀ CUNG CẤP VÀ PHÂN PHỐI MỸ HOÀNG GIA', N'2023-03-03')
--INSERT INTO CT_HOACHAT_CNTP VALUES(N'HC04', 4, N'THÁI LAN', N'CHAI', N'2023-04-04', 4, N'NHÀ CUNG CẤP VÀ PHÂN PHỐI PHAN HUY ÍCH', N'2023-04-04')
--INSERT INTO CT_HOACHAT_CNTP VALUES(N'HC05', 5, N'SINGAPORE', N'CHAI', N'2023-05-05', 5, N'NHÀ CUNG CẤP VÀ PHÂN PHỐI PHAN CHÂU TRINH', N'2023-05-05')
--INSERT INTO CT_HOACHAT_CNTP VALUES(N'HC06', 6, N'VIỆT NAM', N'CHAI', N'2023-06-06', 6, N'NHÀ CUNG CẤP VÀ PHÂN PHỐI PHAN CHÂU TRINH', N'2023-06-06')
--INSERT INTO CT_HOACHAT_CNTP VALUES(N'HC07', 7, N'QUATA', N'CHAI', N'2023-07-07', 7, N'NHÀ CUNG CẤP VÀ PHÂN PHỐI PHAN HUY ÍCH', N'2023-07-07')
--INSERT INTO CT_HOACHAT_CNTP VALUES(N'HC08', 8, N'DONGTIMOR', N'CHAI', N'2023-08-08', 8, N'NHÀ CUNG CẤP VÀ PHÂN PHỐI BÌNH ĐIỀN', N'2023-08-08')
--INSERT INTO CT_HOACHAT_CNTP VALUES(N'HC09', 9, N'HÀ LAN', N'CHAI', N'2023-09-09', 9, N'NHÀ CUNG CẤP VÀ PHÂN PHỐI BÌNH ĐIỀN', N'2023-09-09')
--INSERT INTO CT_HOACHAT_CNTP VALUES(N'HC10', 10, N'ANH QUỐC', N'CHAI', N'2023-10-10', 10, N'NHÀ CUNG CẤP VÀ PHÂN PHỐI MỸ HOÀNG GIA', N'2023-10-10')

GO
--THÊM BẢNG DỰ TRÙ HÓA CHẤT
INSERT INTO DUTRUHOACHAT VALUES(N'HC01', N'KALI HIDROXIT KOH', N'TỔNG NHẬP XUẤT HÓA CHẤT TRONG NĂM NAY', 50)
INSERT INTO DUTRUHOACHAT VALUES(N'HC02', N'NATRI HIDROXIT NAOH', N'TỔNG NHẬP XUẤT HÓA CHẤT TRONG NĂM NAY', 60)
INSERT INTO DUTRUHOACHAT VALUES(N'HC03', N'BARI HIDROXIT BaOH', N'TỔNG NHẬP XUẤT HÓA CHẤT TRONG NĂM NAY', 70)
INSERT INTO DUTRUHOACHAT VALUES(N'HC04', N'AMON CLORUA NH4CL', N'TỔNG NHẬP XUẤT HÓA CHẤT TRONG NĂM NAY', 80)
INSERT INTO DUTRUHOACHAT VALUES(N'HC05', N'AMON SUNFAT (NH4)2SO4', N'TỔNG NHẬP XUẤT HÓA CHẤT TRONG NĂM NAY', 90)
INSERT INTO DUTRUHOACHAT VALUES(N'HC06', N'AMON NITRAT NH4NO3', N'TỔNG NHẬP XUẤT HÓA CHẤT TRONG NĂM NAY', 100)
INSERT INTO DUTRUHOACHAT VALUES(N'HC07', N'NATRI NITRAT NANO3', N'TỔNG NHẬP XUẤT HÓA CHẤT TRONG NĂM NAY', 40)
INSERT INTO DUTRUHOACHAT VALUES(N'HC08', N'CANXI NITRAT CA(NO3)2', N'TỔNG NHẬP XUẤT HÓA CHẤT TRONG NĂM NAY', 30)
INSERT INTO DUTRUHOACHAT VALUES(N'HC09', N'KALI CLORUA KCL', N'TỔNG NHẬP XUẤT HÓA CHẤT TRONG NĂM NAY', 20)
INSERT INTO DUTRUHOACHAT VALUES(N'HC10', N'KALI SUNFAT K2SO4', N'TỔNG NHẬP XUẤT HÓA CHẤT TRONG NĂM NAY', 10)

--GO
----THÊM BẢNG DỰ TRÙ HOÁ CHẤT CỦA KHOA CNTP
--INSERT INTO DUTRUHOACHAT_CNTP VALUES(N'HC01', N'KALI HIDROXIT KOH', N'TỔNG NHẬP XUẤT HÓA CHẤT TRONG NĂM NAY', 100)
--INSERT INTO DUTRUHOACHAT_CNTP VALUES(N'HC02', N'NATRI HIDROXIT NAOH', N'TỔNG NHẬP XUẤT HÓA CHẤT TRONG NĂM NAY', 100)
--INSERT INTO DUTRUHOACHAT_CNTP VALUES(N'HC03', N'BARI HIDROXIT BaOH', N'TỔNG NHẬP XUẤT HÓA CHẤT TRONG NĂM NAY', 100)
--INSERT INTO DUTRUHOACHAT_CNTP VALUES(N'HC04', N'AMON CLORUA NH4CL', N'TỔNG NHẬP XUẤT HÓA CHẤT TRONG NĂM NAY', 100)
--INSERT INTO DUTRUHOACHAT_CNTP VALUES(N'HC05', N'AMON SUNFAT (NH4)2SO4', N'TỔNG NHẬP XUẤT HÓA CHẤT TRONG NĂM NAY', 100)
--INSERT INTO DUTRUHOACHAT_CNTP VALUES(N'HC06', N'AMON NITRAT NH4NO3', N'TỔNG NHẬP XUẤT HÓA CHẤT TRONG NĂM NAY', 100)
--INSERT INTO DUTRUHOACHAT_CNTP VALUES(N'HC07', N'NATRI NITRAT NANO3', N'TỔNG NHẬP XUẤT HÓA CHẤT TRONG NĂM NAY', 100)
--INSERT INTO DUTRUHOACHAT_CNTP VALUES(N'HC08', N'CANXI NITRAT CA(NO3)2', N'TỔNG NHẬP XUẤT HÓA CHẤT TRONG NĂM NAY', 100)
--INSERT INTO DUTRUHOACHAT_CNTP VALUES(N'HC09', N'KALI CLORUA KCL', N'TỔNG NHẬP XUẤT HÓA CHẤT TRONG NĂM NAY', 100)
--INSERT INTO DUTRUHOACHAT_CNTP VALUES(N'HC10', N'KALI SUNFAT K2SO4', N'TỔNG NHẬP XUẤT HÓA CHẤT TRONG NĂM NAY', 100)

GO
--THÊM BẢNG THIẾT BỊ
INSERT INTO THIETBI VALUES(N'TB01', N'THÙNG MÁY CPU', N'SẢN PHẨM PHẢI ĐẠT LOẠI TỐT', 150, 30, 120, 0, 1, N'OHHJW29093', N'tb01.jpg', N'LOAI02')
INSERT INTO THIETBI VALUES(N'TB02', N'QUẠT TẢN NHIỆT', N'SẢN PHẨM PHẢI ĐẠT LOẠI TỐT', 150, 30, 120, 0, 1, N'OBDGHSH281', N'tb02.jpg', N'LOAI02')
INSERT INTO THIETBI VALUES(N'TB03', N'CPU', N'SẢN PHẨM PHẢI ĐẠT LOẠI TỐT', 150, 30, 120, 0, 1, N'HDKSKAN892', N'tb03.jpg', N'LOAI02')
INSERT INTO THIETBI VALUES(N'TB04', N'RAM', N'SẢN PHẨM PHẢI ĐẠT LOẠI TỐT', 150, 30, 120, 0,1, N'HJJDUS2345', N'tb04.jpg', N'LOAI02')
INSERT INTO THIETBI VALUES(N'TB05', N'MAINBOARD', N'SẢN PHẨM PHẢI ĐẠT LOẠI TỐT', 150, 30, 120, 0, 1,  N'JAHDIIW231', N'tb05.jpg', N'LOAI02')
INSERT INTO THIETBI VALUES(N'TB06', N'Ổ CỨNG', N'SẢN PHẨM PHẢI ĐẠT LOẠI TỐT', 150, 30, 120, 0, 1, N'JDHAHA1111', N'tb06.jpg', N'LOAI02')
INSERT INTO THIETBI VALUES(N'TB07', N'CARD ĐỒ HỌA', N'SẢN PHẨM PHẢI ĐẠT LOẠI TỐT', 150, 30, 120, 0, 1, N'JWUQIAO123', N'tb07.jpg', N'LOAI02')
INSERT INTO THIETBI VALUES(N'TB08', N'DÂY CÁP', N'SẢN PHẨM PHẢI ĐẠT LOẠI TỐT', 150, 30, 120, 0, 1, N'OHBDJW9123', N'tb08.jpg', N'LOAI02')
INSERT INTO THIETBI VALUES(N'TB09', N'BỘ NGUỒN MÁY TÍNH', N'SẢN PHẨM PHẢI ĐẠT LOẠI TỐT', 150, 30, 120, 0, 1, N'KJWIDK9213', N'tb09.jpg', N'LOAI02')
INSERT INTO THIETBI VALUES(N'TB10', N'CỔNG KẾT NỐI', N'SẢN PHẨM PHẢI ĐẠT LOẠI TỐT', 150, 30, 120, 0, 1, N'KDHHDWI985', N'tb10.jpg', N'LOAI02')
INSERT INTO THIETBI VALUES(N'TB11', N'CHUỘT', N'SẢN PHẨM PHẢI ĐẠT LOẠI TỐT', 150, 30, 120, 0, 0, N'KDJAOLAL10', N'tb11.jpg', N'LOAI02')
INSERT INTO THIETBI VALUES(N'TB12', N'MÀN HÌNH', N'SẢN PHẨM PHẢI ĐẠT LOẠI TỐT', 150, 30, 120, 0, 1, N'LDAJK19203', N'tb12.jpg', N'LOAI02')
INSERT INTO THIETBI VALUES(N'TB13', N'BÀN PHÍM', N'SẢN PHẨM PHẢI ĐẠT LOẠI TỐT', 150, 30, 120, 0, 1, N'LLDJAOO125', N'tb13.jpg', N'LOAI02')
INSERT INTO THIETBI VALUES(N'TB14', N'ĐỒ LÓT CHUỘT', N'SẢN PHẨM PHẢI ĐẠT LOẠI TỐT', 150, 30, 120, 0, 0, N'JAOSIDM178', N'tb14.jpg', N'LOAI02')
INSERT INTO THIETBI VALUES(N'TB15', N'CỔNG KN HDMI', N'SẢN PHẨM PHẢI ĐẠT LOẠI TỐT', 150, 30, 120, 0, 0, N'OHHJW29093', N'tb15.jpg', N'LOAI02')
SELECT*FROM THIETBI

GO
--THÊM BẢNG THIẾT BỊ KHOA CNTP
INSERT INTO THIETBI_CNTP VALUES(N'TB01', N'THÙNG MÁY CPU', N'SẢN PHẨM PHẢI ĐẠT LOẠI TỐT', 30, 0, N'OHHJW29093')
INSERT INTO THIETBI_CNTP VALUES(N'TB02', N'QUẠT TẢN NHIỆT', N'SẢN PHẨM PHẢI ĐẠT LOẠI TỐT', 30, 0, N'OBDGHSH281')
INSERT INTO THIETBI_CNTP VALUES(N'TB03', N'CPU', N'SẢN PHẨM PHẢI ĐẠT LOẠI TỐT', 30, 0, N'HDKSKAN892')
INSERT INTO THIETBI_CNTP VALUES(N'TB04', N'RAM', N'SẢN PHẨM PHẢI ĐẠT LOẠI TỐT', 30, 0, N'HJJDUS2345')
INSERT INTO THIETBI_CNTP VALUES(N'TB05', N'MAINBOARD', N'SẢN PHẨM PHẢI ĐẠT LOẠI TỐT', 30, 0,  N'JAHDIIW231')
INSERT INTO THIETBI_CNTP VALUES(N'TB06', N'Ổ CỨNG', N'SẢN PHẨM PHẢI ĐẠT LOẠI TỐT', 30, 0, N'JDHAHA1111')
INSERT INTO THIETBI_CNTP VALUES(N'TB07', N'CARD ĐỒ HỌA', N'SẢN PHẨM PHẢI ĐẠT LOẠI TỐT', 30, 0, N'JWUQIAO123')
INSERT INTO THIETBI_CNTP VALUES(N'TB08', N'DÂY CÁP', N'SẢN PHẨM PHẢI ĐẠT LOẠI TỐT', 30, 0, N'OHBDJW9123')
INSERT INTO THIETBI_CNTP VALUES(N'TB09', N'BỘ NGUỒN MÁY TÍNH', N'SẢN PHẨM PHẢI ĐẠT LOẠI TỐT', 30, 0, N'KJWIDK9213')
INSERT INTO THIETBI_CNTP VALUES(N'TB10', N'CỔNG KẾT NỐI', N'SẢN PHẨM PHẢI ĐẠT LOẠI TỐT', 30, 0, N'KDHHDWI985')
INSERT INTO THIETBI_CNTP VALUES(N'TB11', N'CHUỘT', N'SẢN PHẨM PHẢI ĐẠT LOẠI TỐT', 30, 0, N'KDJAOLAL10')
INSERT INTO THIETBI_CNTP VALUES(N'TB12', N'MÀN HÌNH', N'SẢN PHẨM PHẢI ĐẠT LOẠI TỐT', 30, 0, N'LDAJK19203')
INSERT INTO THIETBI_CNTP VALUES(N'TB13', N'BÀN PHÍM', N'SẢN PHẨM PHẢI ĐẠT LOẠI TỐT', 30, 0, N'LLDJAOO125')
INSERT INTO THIETBI_CNTP VALUES(N'TB14', N'ĐỒ LÓT CHUỘT', N'SẢN PHẨM PHẢI ĐẠT LOẠI TỐT', 30, 0, N'JAOSIDM178')
INSERT INTO THIETBI_CNTP VALUES(N'TB15', N'CỔNG DÂY KẾT NỐI HDMI', N'SẢN PHẨM PHẢI ĐẠT LOẠI TỐT', 30, 0, N'OHHJW29093')
SELECT*FROM THIETBI_CNTP

GO
--THÊM BẢNG CT THIẾT BỊ
INSERT INTO CT_THIETBI VALUES(N'TB01', 123, N'TRUNG QUỐC', N'CÁI', 100, 20, 80, N'2023-09-08', 1, N'NHÀ CUNG CẤP VÀ PHÂN PHỐI BÌNH ĐIỀN', N'2024-09-08')
INSERT INTO CT_THIETBI VALUES(N'TB02', 124, N'TRUNG QUỐC', N'CÁI', 100, 20, 80, N'2023-09-08', 2, N'NHÀ CUNG CẤP VÀ PHÂN PHỐI BÌNH ĐIỀN', N'2024-09-08')
INSERT INTO CT_THIETBI VALUES(N'TB03', 125, N'TRUNG QUỐC', N'CÁI', 100, 20, 80, N'2023-09-08', 3, N'NHÀ CUNG CẤP VÀ PHÂN PHỐI BÌNH ĐIỀN', N'2024-09-08')
INSERT INTO CT_THIETBI VALUES(N'TB04', 126, N'TRUNG QUỐC', N'CÁI', 100, 20, 80, N'2023-09-08', 4, N'NHÀ CUNG CẤP VÀ PHÂN PHỐI BÌNH ĐIỀN', N'2024-09-08')
INSERT INTO CT_THIETBI VALUES(N'TB05', 127, N'TRUNG QUỐC', N'CÁI', 100, 20, 80, N'2023-09-08', 5, N'NHÀ CUNG CẤP VÀ PHÂN PHỐI BÌNH ĐIỀN', N'2024-09-08')
INSERT INTO CT_THIETBI VALUES(N'TB06', 128, N'TRUNG QUỐC', N'CÁI', 100, 20, 80, N'2023-09-08', 6, N'NHÀ CUNG CẤP VÀ PHÂN PHỐI BÌNH ĐIỀN', N'2024-09-08')
INSERT INTO CT_THIETBI VALUES(N'TB07', 129, N'TRUNG QUỐC', N'CÁI', 100, 20, 80, N'2023-09-08', 7, N'NHÀ CUNG CẤP VÀ PHÂN PHỐI BÌNH ĐIỀN', N'2024-09-08')
INSERT INTO CT_THIETBI VALUES(N'TB08', 130, N'TRUNG QUỐC', N'CÁI', 100, 20, 80, N'2023-09-08', 8, N'NHÀ CUNG CẤP VÀ PHÂN PHỐI BÌNH ĐIỀN', N'2024-09-08')
INSERT INTO CT_THIETBI VALUES(N'TB09', 131, N'TRUNG QUỐC', N'CÁI', 100, 20, 80, N'2023-09-08', 9, N'NHÀ CUNG CẤP VÀ PHÂN PHỐI BÌNH ĐIỀN', N'2024-09-08')
INSERT INTO CT_THIETBI VALUES(N'TB10', 132, N'TRUNG QUỐC', N'CÁI', 100, 20, 80, N'2023-09-08', 10, N'NHÀ CUNG CẤP VÀ PHÂN PHỐI BÌNH ĐIỀN', N'2024-09-08')
INSERT INTO CT_THIETBI VALUES(N'TB11', 133, N'TRUNG QUỐC', N'CÁI', 100, 20, 80, N'2023-09-08', 11, N'NHÀ CUNG CẤP VÀ PHÂN PHỐI BÌNH ĐIỀN', N'2024-09-08')
INSERT INTO CT_THIETBI VALUES(N'TB12', 134, N'TRUNG QUỐC', N'CÁI', 100, 20, 80, N'2023-09-08', 12, N'NHÀ CUNG CẤP VÀ PHÂN PHỐI BÌNH ĐIỀN', N'2024-09-08')
INSERT INTO CT_THIETBI VALUES(N'TB13', 135, N'TRUNG QUỐC', N'CÁI', 100, 20, 80, N'2023-09-08', 13, N'NHÀ CUNG CẤP VÀ PHÂN PHỐI BÌNH ĐIỀN', N'2024-09-08')
INSERT INTO CT_THIETBI VALUES(N'TB14', 136, N'TRUNG QUỐC', N'CÁI', 100, 20, 80, N'2023-09-08', 14, N'NHÀ CUNG CẤP VÀ PHÂN PHỐI BÌNH ĐIỀN', N'2024-09-08')
INSERT INTO CT_THIETBI VALUES(N'TB15', 137, N'TRUNG QUỐC', N'CÁI', 100, 20, 80, N'2023-09-08', 15, N'NHÀ CUNG CẤP VÀ PHÂN PHỐI BÌNH ĐIỀN', N'2024-09-08')

GO
--THÊM BẢNG DỰ TRÙ THIẾT BỊ
INSERT INTO DUTRUTHIETBI VALUES(N'TB01', N'THÙNG MÁY CPU', N'TÍNH TOÁN SẢN LƯỢNG TRONG NĂM NAY', 100)
INSERT INTO DUTRUTHIETBI VALUES(N'TB02', N'QUẠT TẢN NHIỆT', N'TÍNH TOÁN SẢN LƯỢNG TRONG NĂM NAY', 50)
INSERT INTO DUTRUTHIETBI VALUES(N'TB03', N'CPU', N'TÍNH TOÁN SẢN LƯỢNG TRONG NĂM NAY', 70)
INSERT INTO DUTRUTHIETBI VALUES(N'TB04', N'RAM', N'TÍNH TOÁN SẢN LƯỢNG TRONG NĂM NAY', 80)
INSERT INTO DUTRUTHIETBI VALUES(N'TB05', N'MAINBOARD', N'TÍNH TOÁN SẢN LƯỢNG TRONG NĂM NAY', 40)

GO
--THÊM BẢNG DỤNG CỤ
INSERT INTO DUNGCU VALUES(N'DC01', N'CHẢO',140, 20, 120 , 0, N'CÁI', N'2023-06-04', 4, N'dc01.jpg', N'LOAI03')
INSERT INTO DUNGCU VALUES(N'DC02', N'DAO', 140, 20, 120, 0, N'CÁI', N'2023-06-03', 2, N'dc02.jpg', N'LOAI03')
INSERT INTO DUNGCU VALUES(N'DC03', N'ĐĨA', 140, 20, 120, 0, N'CÁI', N'2023-06-02', 4, N'dc03.jpg', N'LOAI03')
INSERT INTO DUNGCU VALUES(N'DC04', N'MUỖNG',140, 20, 120, 0, N'CÁI', N'2023-06-01', 3, N'dc04.jpg', N'LOAI03')
INSERT INTO DUNGCU VALUES(N'DC05', N'NỒI',140, 20, 120, 0 , N'CÁI', N'2023-06-06', 4, N'dc05.jpg', N'LOAI03')
INSERT INTO DUNGCU VALUES(N'DC06', N'TẠP DỀ',140, 20, 120, 0, N'CÁI', N'2023-06-07', 2, N'dc06.jpg', N'LOAI03')
INSERT INTO DUNGCU VALUES(N'DC07', N'NIÊU', 140, 20, 120, 0, N'CÁI', N'2023-06-08', 1, N'dc07.jpg', N'LOAI03')
INSERT INTO DUNGCU VALUES(N'DC08', N'XOONG', 140, 20, 120, 0, N'CÁI', N'2023-06-09', 3, N'dc16.jpg', N'LOAI03')
INSERT INTO DUNGCU VALUES(N'DC09', N'VÁ', 140, 20, 120, 0, N'CÁI', N'2023-06-10', 2, N'dc09.jpg', N'LOAI03')
INSERT INTO DUNGCU VALUES(N'DC10', N'THỚT',140, 20, 120, 0, N'CÁI', N'2023-06-11', 1, N'dc10.jpg', N'LOAI03')
INSERT INTO DUNGCU VALUES(N'DC11', N'ĐŨA',140, 20, 120, 0 , N'CÁI', N'2023-06-12', 1, N'dc11.jpg', N'LOAI03')
INSERT INTO DUNGCU VALUES(N'DC12', N'CHÉN',140, 20, 120 , 0, N'CÁI', N'2023-06-01', 5, N'dc12.jpg', N'LOAI03')
INSERT INTO DUNGCU VALUES(N'DC13', N'DĨA',140, 20, 120 , 0, N'CÁI', N'2023-06-02', 3, N'dc13.jpg', N'LOAI03')
INSERT INTO DUNGCU VALUES(N'DC14', N'BẾP GA',140, 20, 120 , 0, N'CÁI', N'2023-06-03', 1, N'dc14.jpg', N'LOAI03')
INSERT INTO DUNGCU VALUES(N'DC15', N'GIA VỊ',140, 20, 120 , 0, N'CÁI', N'2023-06-04', 2, N'dc15.jpg', N'LOAI03')
select * from DUNGCU

GO
--THÊM BẢNG DỤNG CỤ KHOA CNTP
INSERT INTO DUNGCU_CNTP VALUES(N'DC01', N'CHẢO', 20 , 0, N'CÁI', 4)
INSERT INTO DUNGCU_CNTP VALUES(N'DC02', N'DAO', 20, 0, N'CÁI', 2)
INSERT INTO DUNGCU_CNTP VALUES(N'DC03', N'ĐĨA', 20, 0, N'CÁI', 4)
INSERT INTO DUNGCU_CNTP VALUES(N'DC04', N'MUỖNG', 20, 0, N'CÁI', 3)
INSERT INTO DUNGCU_CNTP VALUES(N'DC05', N'NỒI', 20, 0 , N'CÁI', 4)
INSERT INTO DUNGCU_CNTP VALUES(N'DC06', N'TẠP DỀ', 20, 0, N'CÁI', 2)
INSERT INTO DUNGCU_CNTP VALUES(N'DC07', N'NÊU', 20, 0, N'CÁI', 1)
INSERT INTO DUNGCU_CNTP VALUES(N'DC08', N'XON', 20, 0, N'CÁI', 3)
INSERT INTO DUNGCU_CNTP VALUES(N'DC09', N'VÁ', 20, 0, N'CÁI', 2)
INSERT INTO DUNGCU_CNTP VALUES(N'DC10', N'THỚT', 20, 0, N'CÁI', 1)
INSERT INTO DUNGCU_CNTP VALUES(N'DC11', N'ĐŨA', 20, 0 , N'CÁI', 1)
INSERT INTO DUNGCU_CNTP VALUES(N'DC12', N'CHÉN', 20, 0, N'CÁI', 5)
INSERT INTO DUNGCU_CNTP VALUES(N'DC13', N'DĨA', 20, 0, N'CÁI', 3)
INSERT INTO DUNGCU_CNTP VALUES(N'DC14', N'BẾP GA', 20, 0, N'CÁI', 1)
INSERT INTO DUNGCU_CNTP VALUES(N'DC15', N'GIA VỊ', 20, 0, N'CÁI', 2)
SELECT*FROM DUNGCU

GO
--THÊM BẢNG CT DỤNG CỤ
INSERT INTO CT_DUNGCU VALUES(N'DC01', 123, N'TRUNG QUỐC', N'CÁI', 1)
INSERT INTO CT_DUNGCU VALUES(N'DC02', 123, N'TRUNG QUỐC', N'CÁI', 2)
INSERT INTO CT_DUNGCU VALUES(N'DC03', 123, N'TRUNG QUỐC', N'CÁI', 3)
INSERT INTO CT_DUNGCU VALUES(N'DC04', 123, N'TRUNG QUỐC', N'CÁI', 4)
INSERT INTO CT_DUNGCU VALUES(N'DC05', 123, N'TRUNG QUỐC', N'CÁI', 5)
INSERT INTO CT_DUNGCU VALUES(N'DC06', 123, N'TRUNG QUỐC', N'CÁI', 6)
INSERT INTO CT_DUNGCU VALUES(N'DC07', 123, N'TRUNG QUỐC', N'CÁI', 7)
INSERT INTO CT_DUNGCU VALUES(N'DC08', 123, N'TRUNG QUỐC', N'CÁI', 8)
INSERT INTO CT_DUNGCU VALUES(N'DC09', 123, N'TRUNG QUỐC', N'CÁI', 9)
INSERT INTO CT_DUNGCU VALUES(N'DC10', 123, N'TRUNG QUỐC', N'CÁI', 10)
INSERT INTO CT_DUNGCU VALUES(N'DC11', 123, N'TRUNG QUỐC', N'CÁI', 11)
INSERT INTO CT_DUNGCU VALUES(N'DC12', 123, N'TRUNG QUỐC', N'CÁI', 12)
INSERT INTO CT_DUNGCU VALUES(N'DC13', 123, N'TRUNG QUỐC', N'CÁI', 13)
INSERT INTO CT_DUNGCU VALUES(N'DC14', 123, N'TRUNG QUỐC', N'CÁI', 14)
INSERT INTO CT_DUNGCU VALUES(N'DC15', 123, N'TRUNG QUỐC', N'CÁI', 15)

GO
--THÊM BẢNG DỰ TRÙ DỤNG CỤ
INSERT INTO DUTRUDUNGCU VALUES(N'DC01', N'CHẢO', N'QUẢN LÝ DỤNG CỤ DOANH THU TRONG NĂM', 20)
INSERT INTO DUTRUDUNGCU VALUES(N'DC02', N'DAO', N'QUẢN LÝ DỤNG CỤ DOANH THU TRONG NĂM', 60)
INSERT INTO DUTRUDUNGCU VALUES(N'DC03', N'ĐĨA', N'QUẢN LÝ DỤNG CỤ DOANH THU TRONG NĂM', 30)
INSERT INTO DUTRUDUNGCU VALUES(N'DC04', N'MUỖNG', N'QUẢN LÝ DỤNG CỤ DOANH THU TRONG NĂM', 40)
INSERT INTO DUTRUDUNGCU VALUES(N'DC05', N'NỒI', N'QUẢN LÝ DỤNG CỤ DOANH THU TRONG NĂM', 50)

GO
--THÊM BẢNG GIÁ THAM KHẢO
INSERT INTO BANGGIA VALUES(N'NCC01', N'HC01', N'TB01', N'DC01', 150000, 200000, 150000)
INSERT INTO BANGGIA VALUES(N'NCC02', N'HC02', N'TB02', N'DC02', 250000, 250000, 160000)
INSERT INTO BANGGIA VALUES(N'NCC03', N'HC03', N'TB03', N'DC03', 350000, 260000, 170000)
INSERT INTO BANGGIA VALUES(N'NCC04', N'HC04', N'TB04', N'DC04', 120000, 220000, 180000)
INSERT INTO BANGGIA VALUES(N'NCC05', N'HC05', N'TB05', N'DC05', 125000, 230000, 190000)
SELECT * FROM BANGGIA
--GO
----THÊM BẢNG SỰ KIỆN
--INSERT INTO SUKIEN VALUES(1, N'LAB01', N'GV01', '20231212 09:35:09 AM','20231225 10:34:09 AM','white', N'140 LÊ TRỌNG TẤN')
--INSERT INTO SUKIEN VALUES(2, N'LAB02', N'GV02', '20231213 08:31:09 AM','20231226 10:34:09 AM','blue', N'140 LÊ TRỌNG TẤN')
--INSERT INTO SUKIEN VALUES(3, N'LAB03', N'GV03', '20231214 07:32:09 AM','20231231 10:34:09 AM','yellow', N'140 LÊ TRỌNG TẤN')
--INSERT INTO SUKIEN VALUES(4, N'LAB04', N'GV04', '20231215 08:33:09 AM','20231228 10:34:09 AM','red', N'TÂN KỲ TÂN QUÝ')
--INSERT INTO SUKIEN VALUES(5, N'LAB05', N'TK05', '20231216 10:30:09 AM','20231229 10:34:09 AM','green', N'TÂN KỲ TÂN QUÝ')
--SELECT*FROM SUKIEN

GO
SET IDENTITY_INSERT PHIEUXUAT ON
--THÊM BẢNG PHIẾU XUẤT
INSERT INTO PHIEUXUAT(MAPX,THOIGIANXUAT,NOIDUNG,NGAYXUAT,MAPHBAN,CHAPNHAN,NGUOICHAPNHAN,GHICHU) VALUES (1, 8,N'Xuất trang thiết bị về Khoa',CAST(N'2023-12-21' AS DateTime),N'KHOA02',0,N'NGUYỄN HOÀNG DƯƠNG',N'')
INSERT INTO PHIEUXUAT(MAPX,THOIGIANXUAT,NOIDUNG,NGAYXUAT,MAPHBAN,CHAPNHAN,NGUOICHAPNHAN,GHICHU) VALUES (2, 8,N'Xuất trang thiết bị về Khoa',CAST(N'2023-08-22' AS DateTime),N'KHOA02',1,N'NGUYỄN HOÀNG DƯƠNG',N'')
INSERT INTO PHIEUXUAT(MAPX,THOIGIANXUAT,NOIDUNG,NGAYXUAT,MAPHBAN,CHAPNHAN,NGUOICHAPNHAN,GHICHU) VALUES (3, 12,N'Xuất trang thiết bị về Khoa',CAST(N'2023-12-25' AS DateTime),N'KHOA02',1,N'NGUYỄN HOÀNG DƯƠNG',N'')
INSERT INTO PHIEUXUAT(MAPX,THOIGIANXUAT,NOIDUNG,NGAYXUAT,MAPHBAN,CHAPNHAN,NGUOICHAPNHAN,GHICHU) VALUES (4, 8,N'Xuất trang thiết bị về Khoa',CAST(N'2023-09-11' AS DateTime),N'KHOA02',0,N'NGUYỄN HOÀNG DƯƠNG',N'')
INSERT INTO PHIEUXUAT(MAPX,THOIGIANXUAT,NOIDUNG,NGAYXUAT,MAPHBAN,CHAPNHAN,NGUOICHAPNHAN,GHICHU) VALUES (5, 15,N'Xuất trang thiết bị về Khoa',CAST(N'2023-10-11' AS DateTime),N'KHOA02',1,N'NGUYỄN HOÀNG DƯƠNG',N'')
INSERT INTO PHIEUXUAT(MAPX,THOIGIANXUAT,NOIDUNG,NGAYXUAT,MAPHBAN,CHAPNHAN,NGUOICHAPNHAN,GHICHU) VALUES (6, 12,N'Xuất trang thiết bị về Khoa',CAST(N'2023-12-12' AS DateTime),N'KHOA02',1,N'NGUYỄN HOÀNG DƯƠNG',N'')
INSERT INTO PHIEUXUAT(MAPX,THOIGIANXUAT,NOIDUNG,NGAYXUAT,MAPHBAN,CHAPNHAN,NGUOICHAPNHAN,GHICHU) VALUES (7, 1,N'Xuất trang thiết bị về Khoa',CAST(N'2023-01-12' AS DateTime),N'KHOA02',0,N'NGUYỄN HOÀNG DƯƠNG',N'')
INSERT INTO PHIEUXUAT(MAPX,THOIGIANXUAT,NOIDUNG,NGAYXUAT,MAPHBAN,CHAPNHAN,NGUOICHAPNHAN,GHICHU) VALUES (8, 15,N'Xuất trang thiết bị về Khoa',CAST(N'2023-02-12' AS DateTime),N'KHOA02',0,N'NGUYỄN HOÀNG DƯƠNG',N'')
INSERT INTO PHIEUXUAT(MAPX,THOIGIANXUAT,NOIDUNG,NGAYXUAT,MAPHBAN,CHAPNHAN,NGUOICHAPNHAN,GHICHU) VALUES (9, 15,N'Xuất trang thiết bị về Khoa',CAST(N'2023-03-12' AS DateTime),N'KHOA02',1,N'NGUYỄN HOÀNG DƯƠNG',N'')
INSERT INTO PHIEUXUAT(MAPX,THOIGIANXUAT,NOIDUNG,NGAYXUAT,MAPHBAN,CHAPNHAN,NGUOICHAPNHAN,GHICHU) VALUES (10, 12,N'Xuất trang thiết bị về Khoa',CAST(N'2023-11-11' AS DateTime),N'KHOA02',1,N'NGUYỄN HOÀNG DƯƠNG',N'')
SET IDENTITY_INSERT PHIEUXUAT OFF
SELECT*FROM PHIEUXUAT

GO
SET IDENTITY_INSERT CHITIETPHIEUXUAT ON
--THÊM BẢNG CHI TIẾT PHIẾU XUẤT
INSERT INTO CHITIETPHIEUXUAT(MAPX,MAHC,MAHC_CNTP,MATB,MADC,SOLUONGXUAT,TU,DEN) VALUES(1, N'HC01', N'HC01',N'TB01', N'DC01',10,N'Trung tâm thí nghiệm thực hành',N'Khoa CNTP')
INSERT INTO CHITIETPHIEUXUAT(MAPX,MAHC,MAHC_CNTP,MATB,MADC,SOLUONGXUAT,TU,DEN) VALUES(2, N'HC02', N'HC01',N'TB02', N'DC02',20,N'Trung tâm thí nghiệm thực hành',N'Khoa CNTP')
INSERT INTO CHITIETPHIEUXUAT(MAPX,MAHC,MAHC_CNTP,MATB,MADC,SOLUONGXUAT,TU,DEN) VALUES(3, N'HC03', N'HC01',N'TB03', N'DC03',15,N'Trung tâm thí nghiệm thực hành',N'Khoa CNTP')
INSERT INTO CHITIETPHIEUXUAT(MAPX,MAHC,MAHC_CNTP,MATB,MADC,SOLUONGXUAT,TU,DEN) VALUES(4, N'HC04', N'HC01',N'TB04', N'DC04',12,N'Trung tâm thí nghiệm thực hành',N'Khoa CNTP')
INSERT INTO CHITIETPHIEUXUAT(MAPX,MAHC,MAHC_CNTP,MATB,MADC,SOLUONGXUAT,TU,DEN) VALUES(5, N'HC05', N'HC01',N'TB05', N'DC05',12,N'Trung tâm thí nghiệm thực hành',N'Khoa CNTP')
INSERT INTO CHITIETPHIEUXUAT(MAPX,MAHC,MAHC_CNTP,MATB,MADC,SOLUONGXUAT,TU,DEN) VALUES(6, N'HC06', N'HC01',N'TB06', N'DC06',11,N'Trung tâm thí nghiệm thực hành',N'Khoa CNTP')
INSERT INTO CHITIETPHIEUXUAT(MAPX,MAHC,MAHC_CNTP,MATB,MADC,SOLUONGXUAT,TU,DEN) VALUES(7, N'HC07', N'HC01',N'TB07', N'DC07',16,N'Trung tâm thí nghiệm thực hành',N'Khoa CNTP')
INSERT INTO CHITIETPHIEUXUAT(MAPX,MAHC,MAHC_CNTP,MATB,MADC,SOLUONGXUAT,TU,DEN) VALUES(8, N'HC08', N'HC01',N'TB08', N'DC08',13,N'Trung tâm thí nghiệm thực hành',N'Khoa CNTP')
INSERT INTO CHITIETPHIEUXUAT(MAPX,MAHC,MAHC_CNTP,MATB,MADC,SOLUONGXUAT,TU,DEN) VALUES(9, N'HC09', N'HC01',N'TB09', N'DC09',14,N'Trung tâm thí nghiệm thực hành',N'Khoa CNTP')
INSERT INTO CHITIETPHIEUXUAT(MAPX,MAHC,MAHC_CNTP,MATB,MADC,SOLUONGXUAT,TU,DEN) VALUES(10, N'HC10', N'HC01',N'TB10', N'DC10',15,N'Trung tâm thí nghiệm thực hành',N'Khoa CNTP')
SET IDENTITY_INSERT CHITIETPHIEUXUAT OFF
SELECT*FROM CHITIETPHIEUXUAT

--GO
--SET IDENTITY_INSERT XUATHOACHAT ON
----THÊM BẢNG HOÁ CHẤT XUẤT
--INSERT INTO XUATHOACHAT(MAPX, MAHC_id, SOLUONGXUAT) VALUES(1, N'HC01', 10)
--INSERT INTO XUATHOACHAT(MAPX, MAHC_id, SOLUONGXUAT) VALUES(2, N'HC02', 20)
--INSERT INTO XUATHOACHAT(MAPX, MAHC_id, SOLUONGXUAT) VALUES(3, N'HC03', 15)
--INSERT INTO XUATHOACHAT(MAPX, MAHC_id, SOLUONGXUAT) VALUES(4, N'HC04', 12)
--INSERT INTO XUATHOACHAT(MAPX, MAHC_id, SOLUONGXUAT) VALUES(5, N'HC05', 13)
--SET IDENTITY_INSERT XUATHOACHAT OFF
--SELECT*FROM XUATHOACHAT

GO
SET IDENTITY_INSERT PHIEUNHAP ON
--THÊM BẢNG PHIẾU NHẬP
INSERT INTO PHIEUNHAP(MAPN,NGAYNHAP,NOIDUNG,MANCC,NGUOINHAN,TONGTIEN,GHICHU) VALUES (1, '2023-08-22',N'Nhập trang thiết bị từ NCC',N'NCC01',N'NGUYỄN TRỌNG NGHĨA',100000,N'')
INSERT INTO PHIEUNHAP(MAPN,NGAYNHAP,NOIDUNG,MANCC,NGUOINHAN,TONGTIEN,GHICHU) VALUES (2, '2023-09-10',N'Nhập trang thiết bị từ NCC',N'NCC02',N'NGUYỄN MINH KHUÊ',100000,N'')
INSERT INTO PHIEUNHAP(MAPN,NGAYNHAP,NOIDUNG,MANCC,NGUOINHAN,TONGTIEN,GHICHU) VALUES (3, '2023-07-12',N'Nhập trang thiết bị từ NCC',N'NCC03',N'ĐỖ MINH TRÍ',100000,N'')
INSERT INTO PHIEUNHAP(MAPN,NGAYNHAP,NOIDUNG,MANCC,NGUOINHAN,TONGTIEN,GHICHU) VALUES (4, '2023-08-06',N'Nhập trang thiết bị từ NCC',N'NCC04',N'TỐNG ĐĂNG KHOA',100000,N'')
INSERT INTO PHIEUNHAP(MAPN,NGAYNHAP,NOIDUNG,MANCC,NGUOINHAN,TONGTIEN,GHICHU) VALUES (5, '2023-10-06',N'Nhập trang thiết bị từ NCC',N'NCC04',N'HỒ VĂN HOÀNG',100000,N'')
SET IDENTITY_INSERT PHIEUNHAP OFF
SELECT*FROM PHIEUNHAP

GO
SET IDENTITY_INSERT PHIEUNHAP_KHOA ON
--THÊM BẢNG PHIẾU NHẬP VỀ KHOA
INSERT INTO PHIEUNHAP_KHOA(MAPN_KHOA, MAHC_CNTP, MATB_CNTP, MADC_CNTP, NGAYNHAP, NOIDUNG, NGUOIKIEMDUYET, GHICHU) 
VALUES(1, N'HC01', N'TB01', N'DC01', '2023-08-23', N'NHẬP TRANG THIẾT BỊ VỀ KHOA', N'HUỲNH VĂN TÙNG', N'ABCXYZ')
INSERT INTO PHIEUNHAP_KHOA(MAPN_KHOA, MAHC_CNTP, MATB_CNTP, MADC_CNTP, NGAYNHAP, NOIDUNG, NGUOIKIEMDUYET, GHICHU) 
VALUES(2, N'HC02', N'TB02', N'DC02', '2023-09-23', N'NHẬP TRANG THIẾT BỊ VỀ KHOA', N'HUỲNH VĂN TÙNG', N'ABCXYZ')
INSERT INTO PHIEUNHAP_KHOA(MAPN_KHOA, MAHC_CNTP, MATB_CNTP, MADC_CNTP, NGAYNHAP, NOIDUNG, NGUOIKIEMDUYET, GHICHU) 
VALUES(3, N'HC03', N'TB03', N'DC03', '2023-10-23', N'NHẬP TRANG THIẾT BỊ VỀ KHOA', N'HUỲNH VĂN TÙNG', N'ABCXYZ')
SET IDENTITY_INSERT PHIEUNHAP_KHOA OFF
SELECT*FROM PHIEUNHAP_KHOA

GO
SET IDENTITY_INSERT CHITIETPHIEUNHAP ON
--THÊM BẢNG CHI TIẾT PHIẾU NHẬP
INSERT INTO CHITIETPHIEUNHAP(MAPN,MAHC,MATB,MADC,SOLUONGNHAP,TU,DEN,GIANHAP,THANHTIEN) VALUES(1, N'HC01', N'TB01', N'DC01', 30,N'NHÀ CUNG CẤP VÀ PHÂN PHỐI BÌNH ĐIỀN',N'Trung tâm thí nghiệm thực hành', 100000, 30000000)
INSERT INTO CHITIETPHIEUNHAP(MAPN,MAHC,MATB,MADC,SOLUONGNHAP,TU,DEN,GIANHAP,THANHTIEN) VALUES(2, N'HC02', N'TB02', N'DC02', 25,N'NHÀ CUNG CẤP VÀ PHÂN PHỐI PHI PHỤNG',N'Trung tâm thí nghiệm thực hành', 100000, 28000000)
INSERT INTO CHITIETPHIEUNHAP(MAPN,MAHC,MATB,MADC,SOLUONGNHAP,TU,DEN,GIANHAP,THANHTIEN) VALUES(3, N'HC03', N'TB03', N'DC03', 27,N'NHÀ CUNG CẤP VÀ PHÂN PHỐI MỸ HOÀNG GIA',N'Trung tâm thí nghiệm thực hành', 100000, 27000000)
INSERT INTO CHITIETPHIEUNHAP(MAPN,MAHC,MATB,MADC,SOLUONGNHAP,TU,DEN,GIANHAP,THANHTIEN) VALUES(4, N'HC04', N'TB04', N'DC04', 45,N'NHÀ CUNG CẤP VÀ PHÂN PHỐI PHAN HUY ÍCH',N'Trung tâm thí nghiệm thực hành', 100000, 28000000)
INSERT INTO CHITIETPHIEUNHAP(MAPN,MAHC,MATB,MADC,SOLUONGNHAP,TU,DEN,GIANHAP,THANHTIEN) VALUES(5, N'HC05', N'TB05', N'DC05', 50,N'NHÀ CUNG CẤP VÀ PHÂN PHỐI PHAN HUY ÍCH',N'Trung tâm thí nghiệm thực hành', 100000, 28000000)
SET IDENTITY_INSERT CHITIETPHIEUNHAP OFF
SELECT*FROM CHITIETPHIEUNHAP

GO
SET IDENTITY_INSERT CHITIETPHIEUNHAP_KHOA ON
--THÊM BẢNG CHI TIẾT PHIẾU NHẬP VỀ
INSERT INTO CHITIETPHIEUNHAP_KHOA(MAPN_KHOA, MAHC_CNTP, MATB_CNTP, MADC_CNTP , SOLUONGNHAP) VALUES(1, N'HC01', N'TB01', N'DC01', 2)
INSERT INTO CHITIETPHIEUNHAP_KHOA(MAPN_KHOA, MAHC_CNTP, MATB_CNTP, MADC_CNTP , SOLUONGNHAP) VALUES(2, N'HC02', N'TB02', N'DC02', 2)
INSERT INTO CHITIETPHIEUNHAP_KHOA(MAPN_KHOA, MAHC_CNTP, MATB_CNTP, MADC_CNTP , SOLUONGNHAP) VALUES(3, N'HC03', N'TB03', N'DC03', 2)
SET IDENTITY_INSERT CHITIETPHIEUNHAP_KHOA OFF
SELECT*FROM CHITIETPHIEUNHAP_KHOA

GO
SET IDENTITY_INSERT HOANTRA ON
--THÊM BẢNG PHIẾU TRẢ
INSERT INTO HOANTRA(MAHT,NGAYTRA,NOIDUNG,NGUOITRA,TU,DEN,GHICHU) VALUES(1, CAST(N'2023-11-11' AS DateTime), N'HOÁ CHẤT BỊ HƯ HẠI', N'TRẦN VĂN HOÀNG', N'TTTNTH CÔNG NGHỆ THÔNG TIN', N'NHÀ CUNG CẤP VÀ PHÂN PHỐI BÌNH ĐIỀN', N'')
INSERT INTO HOANTRA(MAHT,NGAYTRA,NOIDUNG,NGUOITRA,TU,DEN,GHICHU) VALUES(2, CAST(N'2023-09-14' AS DateTime), N'HOÁ CHẤT BỊ HƯ HẠI', N'TRẦN VĂN HOÀNG', N'TTTNTH CÔNG NGHIỆP THỰC PHẨM', N'NHÀ CUNG CẤP VÀ PHÂN PHỐI BÌNH ĐIỀN', N'')
INSERT INTO HOANTRA(MAHT,NGAYTRA,NOIDUNG,NGUOITRA,TU,DEN,GHICHU) VALUES(3, CAST(N'2023-08-13' AS DateTime), N'HOÁ CHẤT BỊ HƯ HẠI', N'TRẦN VĂN HOÀNG', N'TTTNTH CÔNG NGHỆ HÓA HỌC', N'NHÀ CUNG CẤP VÀ PHÂN PHỐI BÌNH ĐIỀN', N'')
INSERT INTO HOANTRA(MAHT,NGAYTRA,NOIDUNG,NGUOITRA,TU,DEN,GHICHU) VALUES(4, CAST(N'2023-10-12' AS DateTime), N'HOÁ CHẤT BỊ HƯ HẠI', N'TRẦN VĂN HOÀNG', N'TTTNTH ĐIỆN ĐIỆN TỬ', N'NHÀ CUNG CẤP VÀ PHÂN PHỐI BÌNH ĐIỀN', N'')
SET IDENTITY_INSERT HOANTRA OFF
SELECT*FROM HOANTRA

GO
SET IDENTITY_INSERT TTBTRA ON
--THÊM BẢNG TRẢ HOÁ CHẤT
INSERT INTO TTBTRA(MAHT_id,MAHC_id,MATB_id,MADC_ID,SOLUONGTRA) VALUES(1, N'HC01', N'TB01', N'DC01', 2)
INSERT INTO TTBTRA(MAHT_id,MAHC_id,MATB_id,MADC_ID,SOLUONGTRA) VALUES(2, N'HC02', N'TB01', N'DC01', 4)
INSERT INTO TTBTRA(MAHT_id,MAHC_id,MATB_id,MADC_ID,SOLUONGTRA) VALUES(3, N'HC03', N'TB01', N'DC01', 6)
SET IDENTITY_INSERT TTBTRA OFF
select * from PHONGLAB

GO
SET IDENTITY_INSERT PHIEUTHANHLY ON
--THÊM BẢNG PHIẾU THANH LÝ
INSERT INTO PHIEUTHANHLY(MATL,NGAYTL,NGUOIDUYET,NOIDUNG,GHICHU) VALUES(1, CAST(N'2023-10-12' AS DateTime), N'HOÀNG VĂN HOÀNG', N'THANH LÝ TRANG THIẾT BỊ BỊ HƯ HỎNG', N'123')
INSERT INTO PHIEUTHANHLY(MATL,NGAYTL,NGUOIDUYET,NOIDUNG,GHICHU) VALUES(2, CAST(N'2023-08-12' AS DateTime), N'HOÀNG VĂN HOÀNG', N'THANH LÝ TRANG THIẾT BỊ BỊ HƯ HỎNG', N'123')
INSERT INTO PHIEUTHANHLY(MATL,NGAYTL,NGUOIDUYET,NOIDUNG,GHICHU) VALUES(3, CAST(N'2023-09-10' AS DateTime), N'HOÀNG VĂN HOÀNG', N'THANH LÝ TRANG THIẾT BỊ BỊ HƯ HỎNG', N'123')
SET IDENTITY_INSERT PHIEUTHANHLY OFF
SELECT * FROM PHIEUTHANHLY

GO
SET IDENTITY_INSERT LISTTHANHLY ON
--THÊM BẢNG DANH SÁCH THANH LÝ
INSERT INTO LISTTHANHLY(MALIST,MAHC,MATB,MADC,SLTHANHLY,TRANGTHAI) VALUES(1, N'HC01', N'TB01', N'DC01', 10, N'CHỜ THANH LÝ')
INSERT INTO LISTTHANHLY(MALIST,MAHC,MATB,MADC,SLTHANHLY,TRANGTHAI) VALUES(2, N'HC02', N'TB02', N'DC02', 5, N'CHỜ THANH LÝ')
INSERT INTO LISTTHANHLY(MALIST,MAHC,MATB,MADC,SLTHANHLY,TRANGTHAI) VALUES(3, N'HC03', N'TB03', N'DC03', 6, N'ĐÃ THANH LÝ')
INSERT INTO LISTTHANHLY(MALIST,MAHC,MATB,MADC,SLTHANHLY,TRANGTHAI) VALUES(4, N'HC04', N'TB04', N'DC04', 7, N'CHỜ THANH LÝ')
INSERT INTO LISTTHANHLY(MALIST,MAHC,MATB,MADC,SLTHANHLY,TRANGTHAI) VALUES(5, N'HC05', N'TB05', N'DC05', 9, N'ĐÃ THANH LÝ')
SET IDENTITY_INSERT LISTTHANHLY OFF
SELECT * FROM LISTTHANHLY